check,status,detail
required_package_artifacts,PASS,
700_gps_files,PASS,700
700_ground_truth_files,PASS,700
frozen_status,PASS,
package_hash_integrity,PASS,actual=2110 recorded=2110
external_reference_hash_integrity,PASS,
no_api_key_reference,PASS,
independent_module_no_generator_validator_import,PASS,
production_source_independence,PASS,
trip_000001_gps_schema,PASS,
trip_000001_gps_time_sequence,PASS,
trip_000001_gps_trip_id,PASS,
trip_000001_origin_destination,PASS,
trip_000001_timeline,PASS,
trip_000001_walk_network_reference,PASS,
trip_000001_transfer_recomputed,PASS,
trip_000002_gps_schema,PASS,
trip_000002_gps_time_sequence,PASS,
trip_000002_gps_trip_id,PASS,
trip_000002_origin_destination,PASS,
trip_000002_timeline,PASS,
trip_000002_walk_network_reference,PASS,
trip_000002_transfer_recomputed,PASS,
trip_000003_gps_schema,PASS,
trip_000003_gps_time_sequence,PASS,
trip_000003_gps_trip_id,PASS,
trip_000003_origin_destination,PASS,
trip_000003_timeline,PASS,
trip_000003_walk_network_reference,PASS,
trip_000003_transfer_recomputed,PASS,
trip_000004_gps_schema,PASS,
trip_000004_gps_time_sequence,PASS,
trip_000004_gps_trip_id,PASS,
trip_000004_origin_destination,PASS,
trip_000004_timeline,PASS,
trip_000004_walk_network_reference,PASS,
trip_000004_transfer_recomputed,PASS,
trip_000005_gps_schema,PASS,
trip_000005_gps_time_sequence,PASS,
trip_000005_gps_trip_id,PASS,
trip_000005_origin_destination,PASS,
trip_000005_timeline,PASS,
trip_000005_walk_network_reference,PASS,
trip_000005_transfer_recomputed,PASS,
trip_000006_gps_schema,PASS,
trip_000006_gps_time_sequence,PASS,
trip_000006_gps_trip_id,PASS,
trip_000006_origin_destination,PASS,
trip_000006_timeline,PASS,
trip_000006_walk_network_reference,PASS,
trip_000006_transfer_recomputed,PASS,
trip_000007_gps_schema,PASS,
trip_000007_gps_time_sequence,PASS,
trip_000007_gps_trip_id,PASS,
trip_000007_origin_destination,PASS,
trip_000007_timeline,PASS,
trip_000007_walk_network_reference,PASS,
trip_000007_transfer_recomputed,PASS,
trip_000008_gps_schema,PASS,
trip_000008_gps_time_sequence,PASS,
trip_000008_gps_trip_id,PASS,
trip_000008_origin_destination,PASS,
trip_000008_timeline,PASS,
trip_000008_walk_network_reference,PASS,
trip_000008_transfer_recomputed,PASS,
trip_000009_gps_schema,PASS,
trip_000009_gps_time_sequence,PASS,
trip_000009_gps_trip_id,PASS,
trip_000009_origin_destination,PASS,
trip_000009_timeline,PASS,
trip_000009_walk_network_reference,PASS,
trip_000009_transfer_recomputed,PASS,
trip_000010_gps_schema,PASS,
trip_000010_gps_time_sequence,PASS,
trip_000010_gps_trip_id,PASS,
trip_000010_origin_destination,PASS,
trip_000010_timeline,PASS,
trip_000010_walk_network_reference,PASS,
trip_000010_transfer_recomputed,PASS,
trip_000011_gps_schema,PASS,
trip_000011_gps_time_sequence,PASS,
trip_000011_gps_trip_id,PASS,
trip_000011_origin_destination,PASS,
trip_000011_timeline,PASS,
trip_000011_walk_network_reference,PASS,
trip_000011_transfer_recomputed,PASS,
trip_000012_gps_schema,PASS,
trip_000012_gps_time_sequence,PASS,
trip_000012_gps_trip_id,PASS,
trip_000012_origin_destination,PASS,
trip_000012_timeline,PASS,
trip_000012_walk_network_reference,PASS,
trip_000012_transfer_recomputed,PASS,
trip_000013_gps_schema,PASS,
trip_000013_gps_time_sequence,PASS,
trip_000013_gps_trip_id,PASS,
trip_000013_origin_destination,PASS,
trip_000013_timeline,PASS,
trip_000013_walk_network_reference,PASS,
trip_000013_transfer_recomputed,PASS,
trip_000014_gps_schema,PASS,
trip_000014_gps_time_sequence,PASS,
trip_000014_gps_trip_id,PASS,
trip_000014_origin_destination,PASS,
trip_000014_timeline,PASS,
trip_000014_walk_network_reference,PASS,
trip_000014_transfer_recomputed,PASS,
trip_000015_gps_schema,PASS,
trip_000015_gps_time_sequence,PASS,
trip_000015_gps_trip_id,PASS,
trip_000015_origin_destination,PASS,
trip_000015_timeline,PASS,
trip_000015_walk_network_reference,PASS,
trip_000015_transfer_recomputed,PASS,
trip_000016_gps_schema,PASS,
trip_000016_gps_time_sequence,PASS,
trip_000016_gps_trip_id,PASS,
trip_000016_origin_destination,PASS,
trip_000016_timeline,PASS,
trip_000016_walk_network_reference,PASS,
trip_000016_transfer_recomputed,PASS,
trip_000017_gps_schema,PASS,
trip_000017_gps_time_sequence,PASS,
trip_000017_gps_trip_id,PASS,
trip_000017_origin_destination,PASS,
trip_000017_timeline,PASS,
trip_000017_walk_network_reference,PASS,
trip_000017_transfer_recomputed,PASS,
trip_000018_gps_schema,PASS,
trip_000018_gps_time_sequence,PASS,
trip_000018_gps_trip_id,PASS,
trip_000018_origin_destination,PASS,
trip_000018_timeline,PASS,
trip_000018_walk_network_reference,PASS,
trip_000018_transfer_recomputed,PASS,
trip_000019_gps_schema,PASS,
trip_000019_gps_time_sequence,PASS,
trip_000019_gps_trip_id,PASS,
trip_000019_origin_destination,PASS,
trip_000019_timeline,PASS,
trip_000019_walk_network_reference,PASS,
trip_000019_transfer_recomputed,PASS,
trip_000020_gps_schema,PASS,
trip_000020_gps_time_sequence,PASS,
trip_000020_gps_trip_id,PASS,
trip_000020_origin_destination,PASS,
trip_000020_timeline,PASS,
trip_000020_walk_network_reference,PASS,
trip_000020_transfer_recomputed,PASS,
trip_000021_gps_schema,PASS,
trip_000021_gps_time_sequence,PASS,
trip_000021_gps_trip_id,PASS,
trip_000021_origin_destination,PASS,
trip_000021_timeline,PASS,
trip_000021_walk_network_reference,PASS,
trip_000021_transfer_recomputed,PASS,
trip_000022_gps_schema,PASS,
trip_000022_gps_time_sequence,PASS,
trip_000022_gps_trip_id,PASS,
trip_000022_origin_destination,PASS,
trip_000022_timeline,PASS,
trip_000022_walk_network_reference,PASS,
trip_000022_transfer_recomputed,PASS,
trip_000023_gps_schema,PASS,
trip_000023_gps_time_sequence,PASS,
trip_000023_gps_trip_id,PASS,
trip_000023_origin_destination,PASS,
trip_000023_timeline,PASS,
trip_000023_walk_network_reference,PASS,
trip_000023_transfer_recomputed,PASS,
trip_000024_gps_schema,PASS,
trip_000024_gps_time_sequence,PASS,
trip_000024_gps_trip_id,PASS,
trip_000024_origin_destination,PASS,
trip_000024_timeline,PASS,
trip_000024_walk_network_reference,PASS,
trip_000024_transfer_recomputed,PASS,
trip_000025_gps_schema,PASS,
trip_000025_gps_time_sequence,PASS,
trip_000025_gps_trip_id,PASS,
trip_000025_origin_destination,PASS,
trip_000025_timeline,PASS,
trip_000025_walk_network_reference,PASS,
trip_000025_transfer_recomputed,PASS,
trip_000026_gps_schema,PASS,
trip_000026_gps_time_sequence,PASS,
trip_000026_gps_trip_id,PASS,
trip_000026_origin_destination,PASS,
trip_000026_timeline,PASS,
trip_000026_walk_network_reference,PASS,
trip_000026_transfer_recomputed,PASS,
trip_000027_gps_schema,PASS,
trip_000027_gps_time_sequence,PASS,
trip_000027_gps_trip_id,PASS,
trip_000027_origin_destination,PASS,
trip_000027_timeline,PASS,
trip_000027_walk_network_reference,PASS,
trip_000027_transfer_recomputed,PASS,
trip_000028_gps_schema,PASS,
trip_000028_gps_time_sequence,PASS,
trip_000028_gps_trip_id,PASS,
trip_000028_origin_destination,PASS,
trip_000028_timeline,PASS,
trip_000028_walk_network_reference,PASS,
trip_000028_transfer_recomputed,PASS,
trip_000029_gps_schema,PASS,
trip_000029_gps_time_sequence,PASS,
trip_000029_gps_trip_id,PASS,
trip_000029_origin_destination,PASS,
trip_000029_timeline,PASS,
trip_000029_walk_network_reference,PASS,
trip_000029_transfer_recomputed,PASS,
trip_000030_gps_schema,PASS,
trip_000030_gps_time_sequence,PASS,
trip_000030_gps_trip_id,PASS,
trip_000030_origin_destination,PASS,
trip_000030_timeline,PASS,
trip_000030_walk_network_reference,PASS,
trip_000030_transfer_recomputed,PASS,
trip_000031_gps_schema,PASS,
trip_000031_gps_time_sequence,PASS,
trip_000031_gps_trip_id,PASS,
trip_000031_origin_destination,PASS,
trip_000031_timeline,PASS,
trip_000031_walk_network_reference,PASS,
trip_000031_transfer_recomputed,PASS,
trip_000032_gps_schema,PASS,
trip_000032_gps_time_sequence,PASS,
trip_000032_gps_trip_id,PASS,
trip_000032_origin_destination,PASS,
trip_000032_timeline,PASS,
trip_000032_walk_network_reference,PASS,
trip_000032_transfer_recomputed,PASS,
trip_000033_gps_schema,PASS,
trip_000033_gps_time_sequence,PASS,
trip_000033_gps_trip_id,PASS,
trip_000033_origin_destination,PASS,
trip_000033_timeline,PASS,
trip_000033_walk_network_reference,PASS,
trip_000033_transfer_recomputed,PASS,
trip_000034_gps_schema,PASS,
trip_000034_gps_time_sequence,PASS,
trip_000034_gps_trip_id,PASS,
trip_000034_origin_destination,PASS,
trip_000034_timeline,PASS,
trip_000034_walk_network_reference,PASS,
trip_000034_transfer_recomputed,PASS,
trip_000035_gps_schema,PASS,
trip_000035_gps_time_sequence,PASS,
trip_000035_gps_trip_id,PASS,
trip_000035_origin_destination,PASS,
trip_000035_timeline,PASS,
trip_000035_walk_network_reference,PASS,
trip_000035_transfer_recomputed,PASS,
trip_000036_gps_schema,PASS,
trip_000036_gps_time_sequence,PASS,
trip_000036_gps_trip_id,PASS,
trip_000036_origin_destination,PASS,
trip_000036_timeline,PASS,
trip_000036_walk_network_reference,PASS,
trip_000036_transfer_recomputed,PASS,
trip_000037_gps_schema,PASS,
trip_000037_gps_time_sequence,PASS,
trip_000037_gps_trip_id,PASS,
trip_000037_origin_destination,PASS,
trip_000037_timeline,PASS,
trip_000037_walk_network_reference,PASS,
trip_000037_transfer_recomputed,PASS,
trip_000038_gps_schema,PASS,
trip_000038_gps_time_sequence,PASS,
trip_000038_gps_trip_id,PASS,
trip_000038_origin_destination,PASS,
trip_000038_timeline,PASS,
trip_000038_walk_network_reference,PASS,
trip_000038_transfer_recomputed,PASS,
trip_000039_gps_schema,PASS,
trip_000039_gps_time_sequence,PASS,
trip_000039_gps_trip_id,PASS,
trip_000039_origin_destination,PASS,
trip_000039_timeline,PASS,
trip_000039_walk_network_reference,PASS,
trip_000039_transfer_recomputed,PASS,
trip_000040_gps_schema,PASS,
trip_000040_gps_time_sequence,PASS,
trip_000040_gps_trip_id,PASS,
trip_000040_origin_destination,PASS,
trip_000040_timeline,PASS,
trip_000040_walk_network_reference,PASS,
trip_000040_transfer_recomputed,PASS,
trip_000041_gps_schema,PASS,
trip_000041_gps_time_sequence,PASS,
trip_000041_gps_trip_id,PASS,
trip_000041_origin_destination,PASS,
trip_000041_timeline,PASS,
trip_000041_walk_network_reference,PASS,
trip_000041_transfer_recomputed,PASS,
trip_000042_gps_schema,PASS,
trip_000042_gps_time_sequence,PASS,
trip_000042_gps_trip_id,PASS,
trip_000042_origin_destination,PASS,
trip_000042_timeline,PASS,
trip_000042_walk_network_reference,PASS,
trip_000042_transfer_recomputed,PASS,
trip_000043_gps_schema,PASS,
trip_000043_gps_time_sequence,PASS,
trip_000043_gps_trip_id,PASS,
trip_000043_origin_destination,PASS,
trip_000043_timeline,PASS,
trip_000043_walk_network_reference,PASS,
trip_000043_transfer_recomputed,PASS,
trip_000044_gps_schema,PASS,
trip_000044_gps_time_sequence,PASS,
trip_000044_gps_trip_id,PASS,
trip_000044_origin_destination,PASS,
trip_000044_timeline,PASS,
trip_000044_walk_network_reference,PASS,
trip_000044_transfer_recomputed,PASS,
trip_000045_gps_schema,PASS,
trip_000045_gps_time_sequence,PASS,
trip_000045_gps_trip_id,PASS,
trip_000045_origin_destination,PASS,
trip_000045_timeline,PASS,
trip_000045_walk_network_reference,PASS,
trip_000045_transfer_recomputed,PASS,
trip_000046_gps_schema,PASS,
trip_000046_gps_time_sequence,PASS,
trip_000046_gps_trip_id,PASS,
trip_000046_origin_destination,PASS,
trip_000046_timeline,PASS,
trip_000046_walk_network_reference,PASS,
trip_000046_transfer_recomputed,PASS,
trip_000047_gps_schema,PASS,
trip_000047_gps_time_sequence,PASS,
trip_000047_gps_trip_id,PASS,
trip_000047_origin_destination,PASS,
trip_000047_timeline,PASS,
trip_000047_walk_network_reference,PASS,
trip_000047_transfer_recomputed,PASS,
trip_000048_gps_schema,PASS,
trip_000048_gps_time_sequence,PASS,
trip_000048_gps_trip_id,PASS,
trip_000048_origin_destination,PASS,
trip_000048_timeline,PASS,
trip_000048_walk_network_reference,PASS,
trip_000048_transfer_recomputed,PASS,
trip_000049_gps_schema,PASS,
trip_000049_gps_time_sequence,PASS,
trip_000049_gps_trip_id,PASS,
trip_000049_origin_destination,PASS,
trip_000049_timeline,PASS,
trip_000049_walk_network_reference,PASS,
trip_000049_transfer_recomputed,PASS,
trip_000050_gps_schema,PASS,
trip_000050_gps_time_sequence,PASS,
trip_000050_gps_trip_id,PASS,
trip_000050_origin_destination,PASS,
trip_000050_timeline,PASS,
trip_000050_walk_network_reference,PASS,
trip_000050_transfer_recomputed,PASS,
trip_000051_gps_schema,PASS,
trip_000051_gps_time_sequence,PASS,
trip_000051_gps_trip_id,PASS,
trip_000051_origin_destination,PASS,
trip_000051_timeline,PASS,
trip_000051_walk_network_reference,PASS,
trip_000051_transfer_recomputed,PASS,
trip_000052_gps_schema,PASS,
trip_000052_gps_time_sequence,PASS,
trip_000052_gps_trip_id,PASS,
trip_000052_origin_destination,PASS,
trip_000052_timeline,PASS,
trip_000052_walk_network_reference,PASS,
trip_000052_transfer_recomputed,PASS,
trip_000053_gps_schema,PASS,
trip_000053_gps_time_sequence,PASS,
trip_000053_gps_trip_id,PASS,
trip_000053_origin_destination,PASS,
trip_000053_timeline,PASS,
trip_000053_walk_network_reference,PASS,
trip_000053_transfer_recomputed,PASS,
trip_000054_gps_schema,PASS,
trip_000054_gps_time_sequence,PASS,
trip_000054_gps_trip_id,PASS,
trip_000054_origin_destination,PASS,
trip_000054_timeline,PASS,
trip_000054_walk_network_reference,PASS,
trip_000054_transfer_recomputed,PASS,
trip_000055_gps_schema,PASS,
trip_000055_gps_time_sequence,PASS,
trip_000055_gps_trip_id,PASS,
trip_000055_origin_destination,PASS,
trip_000055_timeline,PASS,
trip_000055_walk_network_reference,PASS,
trip_000055_transfer_recomputed,PASS,
trip_000056_gps_schema,PASS,
trip_000056_gps_time_sequence,PASS,
trip_000056_gps_trip_id,PASS,
trip_000056_origin_destination,PASS,
trip_000056_timeline,PASS,
trip_000056_walk_network_reference,PASS,
trip_000056_transfer_recomputed,PASS,
trip_000057_gps_schema,PASS,
trip_000057_gps_time_sequence,PASS,
trip_000057_gps_trip_id,PASS,
trip_000057_origin_destination,PASS,
trip_000057_timeline,PASS,
trip_000057_walk_network_reference,PASS,
trip_000057_transfer_recomputed,PASS,
trip_000058_gps_schema,PASS,
trip_000058_gps_time_sequence,PASS,
trip_000058_gps_trip_id,PASS,
trip_000058_origin_destination,PASS,
trip_000058_timeline,PASS,
trip_000058_walk_network_reference,PASS,
trip_000058_transfer_recomputed,PASS,
trip_000059_gps_schema,PASS,
trip_000059_gps_time_sequence,PASS,
trip_000059_gps_trip_id,PASS,
trip_000059_origin_destination,PASS,
trip_000059_timeline,PASS,
trip_000059_walk_network_reference,PASS,
trip_000059_transfer_recomputed,PASS,
trip_000060_gps_schema,PASS,
trip_000060_gps_time_sequence,PASS,
trip_000060_gps_trip_id,PASS,
trip_000060_origin_destination,PASS,
trip_000060_timeline,PASS,
trip_000060_walk_network_reference,PASS,
trip_000060_transfer_recomputed,PASS,
trip_000061_gps_schema,PASS,
trip_000061_gps_time_sequence,PASS,
trip_000061_gps_trip_id,PASS,
trip_000061_origin_destination,PASS,
trip_000061_timeline,PASS,
trip_000061_walk_network_reference,PASS,
trip_000061_transfer_recomputed,PASS,
trip_000062_gps_schema,PASS,
trip_000062_gps_time_sequence,PASS,
trip_000062_gps_trip_id,PASS,
trip_000062_origin_destination,PASS,
trip_000062_timeline,PASS,
trip_000062_walk_network_reference,PASS,
trip_000062_transfer_recomputed,PASS,
trip_000063_gps_schema,PASS,
trip_000063_gps_time_sequence,PASS,
trip_000063_gps_trip_id,PASS,
trip_000063_origin_destination,PASS,
trip_000063_timeline,PASS,
trip_000063_walk_network_reference,PASS,
trip_000063_transfer_recomputed,PASS,
trip_000064_gps_schema,PASS,
trip_000064_gps_time_sequence,PASS,
trip_000064_gps_trip_id,PASS,
trip_000064_origin_destination,PASS,
trip_000064_timeline,PASS,
trip_000064_walk_network_reference,PASS,
trip_000064_transfer_recomputed,PASS,
trip_000065_gps_schema,PASS,
trip_000065_gps_time_sequence,PASS,
trip_000065_gps_trip_id,PASS,
trip_000065_origin_destination,PASS,
trip_000065_timeline,PASS,
trip_000065_walk_network_reference,PASS,
trip_000065_transfer_recomputed,PASS,
trip_000066_gps_schema,PASS,
trip_000066_gps_time_sequence,PASS,
trip_000066_gps_trip_id,PASS,
trip_000066_origin_destination,PASS,
trip_000066_timeline,PASS,
trip_000066_walk_network_reference,PASS,
trip_000066_transfer_recomputed,PASS,
trip_000067_gps_schema,PASS,
trip_000067_gps_time_sequence,PASS,
trip_000067_gps_trip_id,PASS,
trip_000067_origin_destination,PASS,
trip_000067_timeline,PASS,
trip_000067_walk_network_reference,PASS,
trip_000067_transfer_recomputed,PASS,
trip_000068_gps_schema,PASS,
trip_000068_gps_time_sequence,PASS,
trip_000068_gps_trip_id,PASS,
trip_000068_origin_destination,PASS,
trip_000068_timeline,PASS,
trip_000068_walk_network_reference,PASS,
trip_000068_transfer_recomputed,PASS,
trip_000069_gps_schema,PASS,
trip_000069_gps_time_sequence,PASS,
trip_000069_gps_trip_id,PASS,
trip_000069_origin_destination,PASS,
trip_000069_timeline,PASS,
trip_000069_walk_network_reference,PASS,
trip_000069_transfer_recomputed,PASS,
trip_000070_gps_schema,PASS,
trip_000070_gps_time_sequence,PASS,
trip_000070_gps_trip_id,PASS,
trip_000070_origin_destination,PASS,
trip_000070_timeline,PASS,
trip_000070_walk_network_reference,PASS,
trip_000070_transfer_recomputed,PASS,
trip_000071_gps_schema,PASS,
trip_000071_gps_time_sequence,PASS,
trip_000071_gps_trip_id,PASS,
trip_000071_origin_destination,PASS,
trip_000071_timeline,PASS,
trip_000071_walk_network_reference,PASS,
trip_000071_transfer_recomputed,PASS,
trip_000072_gps_schema,PASS,
trip_000072_gps_time_sequence,PASS,
trip_000072_gps_trip_id,PASS,
trip_000072_origin_destination,PASS,
trip_000072_timeline,PASS,
trip_000072_walk_network_reference,PASS,
trip_000072_transfer_recomputed,PASS,
trip_000073_gps_schema,PASS,
trip_000073_gps_time_sequence,PASS,
trip_000073_gps_trip_id,PASS,
trip_000073_origin_destination,PASS,
trip_000073_timeline,PASS,
trip_000073_walk_network_reference,PASS,
trip_000073_transfer_recomputed,PASS,
trip_000074_gps_schema,PASS,
trip_000074_gps_time_sequence,PASS,
trip_000074_gps_trip_id,PASS,
trip_000074_origin_destination,PASS,
trip_000074_timeline,PASS,
trip_000074_walk_network_reference,PASS,
trip_000074_transfer_recomputed,PASS,
trip_000075_gps_schema,PASS,
trip_000075_gps_time_sequence,PASS,
trip_000075_gps_trip_id,PASS,
trip_000075_origin_destination,PASS,
trip_000075_timeline,PASS,
trip_000075_walk_network_reference,PASS,
trip_000075_transfer_recomputed,PASS,
trip_000076_gps_schema,PASS,
trip_000076_gps_time_sequence,PASS,
trip_000076_gps_trip_id,PASS,
trip_000076_origin_destination,PASS,
trip_000076_timeline,PASS,
trip_000076_walk_network_reference,PASS,
trip_000076_transfer_recomputed,PASS,
trip_000077_gps_schema,PASS,
trip_000077_gps_time_sequence,PASS,
trip_000077_gps_trip_id,PASS,
trip_000077_origin_destination,PASS,
trip_000077_timeline,PASS,
trip_000077_walk_network_reference,PASS,
trip_000077_transfer_recomputed,PASS,
trip_000078_gps_schema,PASS,
trip_000078_gps_time_sequence,PASS,
trip_000078_gps_trip_id,PASS,
trip_000078_origin_destination,PASS,
trip_000078_timeline,PASS,
trip_000078_walk_network_reference,PASS,
trip_000078_transfer_recomputed,PASS,
trip_000079_gps_schema,PASS,
trip_000079_gps_time_sequence,PASS,
trip_000079_gps_trip_id,PASS,
trip_000079_origin_destination,PASS,
trip_000079_timeline,PASS,
trip_000079_walk_network_reference,PASS,
trip_000079_transfer_recomputed,PASS,
trip_000080_gps_schema,PASS,
trip_000080_gps_time_sequence,PASS,
trip_000080_gps_trip_id,PASS,
trip_000080_origin_destination,PASS,
trip_000080_timeline,PASS,
trip_000080_walk_network_reference,PASS,
trip_000080_transfer_recomputed,PASS,
trip_000081_gps_schema,PASS,
trip_000081_gps_time_sequence,PASS,
trip_000081_gps_trip_id,PASS,
trip_000081_origin_destination,PASS,
trip_000081_timeline,PASS,
trip_000081_walk_network_reference,PASS,
trip_000081_transfer_recomputed,PASS,
trip_000082_gps_schema,PASS,
trip_000082_gps_time_sequence,PASS,
trip_000082_gps_trip_id,PASS,
trip_000082_origin_destination,PASS,
trip_000082_timeline,PASS,
trip_000082_walk_network_reference,PASS,
trip_000082_transfer_recomputed,PASS,
trip_000083_gps_schema,PASS,
trip_000083_gps_time_sequence,PASS,
trip_000083_gps_trip_id,PASS,
trip_000083_origin_destination,PASS,
trip_000083_timeline,PASS,
trip_000083_walk_network_reference,PASS,
trip_000083_transfer_recomputed,PASS,
trip_000084_gps_schema,PASS,
trip_000084_gps_time_sequence,PASS,
trip_000084_gps_trip_id,PASS,
trip_000084_origin_destination,PASS,
trip_000084_timeline,PASS,
trip_000084_walk_network_reference,PASS,
trip_000084_transfer_recomputed,PASS,
trip_000085_gps_schema,PASS,
trip_000085_gps_time_sequence,PASS,
trip_000085_gps_trip_id,PASS,
trip_000085_origin_destination,PASS,
trip_000085_timeline,PASS,
trip_000085_walk_network_reference,PASS,
trip_000085_transfer_recomputed,PASS,
trip_000086_gps_schema,PASS,
trip_000086_gps_time_sequence,PASS,
trip_000086_gps_trip_id,PASS,
trip_000086_origin_destination,PASS,
trip_000086_timeline,PASS,
trip_000086_walk_network_reference,PASS,
trip_000086_transfer_recomputed,PASS,
trip_000087_gps_schema,PASS,
trip_000087_gps_time_sequence,PASS,
trip_000087_gps_trip_id,PASS,
trip_000087_origin_destination,PASS,
trip_000087_timeline,PASS,
trip_000087_walk_network_reference,PASS,
trip_000087_transfer_recomputed,PASS,
trip_000088_gps_schema,PASS,
trip_000088_gps_time_sequence,PASS,
trip_000088_gps_trip_id,PASS,
trip_000088_origin_destination,PASS,
trip_000088_timeline,PASS,
trip_000088_walk_network_reference,PASS,
trip_000088_transfer_recomputed,PASS,
trip_000089_gps_schema,PASS,
trip_000089_gps_time_sequence,PASS,
trip_000089_gps_trip_id,PASS,
trip_000089_origin_destination,PASS,
trip_000089_timeline,PASS,
trip_000089_walk_network_reference,PASS,
trip_000089_transfer_recomputed,PASS,
trip_000090_gps_schema,PASS,
trip_000090_gps_time_sequence,PASS,
trip_000090_gps_trip_id,PASS,
trip_000090_origin_destination,PASS,
trip_000090_timeline,PASS,
trip_000090_walk_network_reference,PASS,
trip_000090_transfer_recomputed,PASS,
trip_000091_gps_schema,PASS,
trip_000091_gps_time_sequence,PASS,
trip_000091_gps_trip_id,PASS,
trip_000091_origin_destination,PASS,
trip_000091_timeline,PASS,
trip_000091_walk_network_reference,PASS,
trip_000091_transfer_recomputed,PASS,
trip_000092_gps_schema,PASS,
trip_000092_gps_time_sequence,PASS,
trip_000092_gps_trip_id,PASS,
trip_000092_origin_destination,PASS,
trip_000092_timeline,PASS,
trip_000092_walk_network_reference,PASS,
trip_000092_transfer_recomputed,PASS,
trip_000093_gps_schema,PASS,
trip_000093_gps_time_sequence,PASS,
trip_000093_gps_trip_id,PASS,
trip_000093_origin_destination,PASS,
trip_000093_timeline,PASS,
trip_000093_walk_network_reference,PASS,
trip_000093_transfer_recomputed,PASS,
trip_000094_gps_schema,PASS,
trip_000094_gps_time_sequence,PASS,
trip_000094_gps_trip_id,PASS,
trip_000094_origin_destination,PASS,
trip_000094_timeline,PASS,
trip_000094_walk_network_reference,PASS,
trip_000094_transfer_recomputed,PASS,
trip_000095_gps_schema,PASS,
trip_000095_gps_time_sequence,PASS,
trip_000095_gps_trip_id,PASS,
trip_000095_origin_destination,PASS,
trip_000095_timeline,PASS,
trip_000095_walk_network_reference,PASS,
trip_000095_transfer_recomputed,PASS,
trip_000096_gps_schema,PASS,
trip_000096_gps_time_sequence,PASS,
trip_000096_gps_trip_id,PASS,
trip_000096_origin_destination,PASS,
trip_000096_timeline,PASS,
trip_000096_walk_network_reference,PASS,
trip_000096_transfer_recomputed,PASS,
trip_000097_gps_schema,PASS,
trip_000097_gps_time_sequence,PASS,
trip_000097_gps_trip_id,PASS,
trip_000097_origin_destination,PASS,
trip_000097_timeline,PASS,
trip_000097_walk_network_reference,PASS,
trip_000097_transfer_recomputed,PASS,
trip_000098_gps_schema,PASS,
trip_000098_gps_time_sequence,PASS,
trip_000098_gps_trip_id,PASS,
trip_000098_origin_destination,PASS,
trip_000098_timeline,PASS,
trip_000098_walk_network_reference,PASS,
trip_000098_transfer_recomputed,PASS,
trip_000099_gps_schema,PASS,
trip_000099_gps_time_sequence,PASS,
trip_000099_gps_trip_id,PASS,
trip_000099_origin_destination,PASS,
trip_000099_timeline,PASS,
trip_000099_walk_network_reference,PASS,
trip_000099_transfer_recomputed,PASS,
trip_000100_gps_schema,PASS,
trip_000100_gps_time_sequence,PASS,
trip_000100_gps_trip_id,PASS,
trip_000100_origin_destination,PASS,
trip_000100_timeline,PASS,
trip_000100_walk_network_reference,PASS,
trip_000100_transfer_recomputed,PASS,
trip_000101_gps_schema,PASS,
trip_000101_gps_time_sequence,PASS,
trip_000101_gps_trip_id,PASS,
trip_000101_origin_destination,PASS,
trip_000101_timeline,PASS,
trip_000101_walk_network_reference,PASS,
trip_000101_transfer_recomputed,PASS,
trip_000102_gps_schema,PASS,
trip_000102_gps_time_sequence,PASS,
trip_000102_gps_trip_id,PASS,
trip_000102_origin_destination,PASS,
trip_000102_timeline,PASS,
trip_000102_walk_network_reference,PASS,
trip_000102_transfer_recomputed,PASS,
trip_000103_gps_schema,PASS,
trip_000103_gps_time_sequence,PASS,
trip_000103_gps_trip_id,PASS,
trip_000103_origin_destination,PASS,
trip_000103_timeline,PASS,
trip_000103_walk_network_reference,PASS,
trip_000103_transfer_recomputed,PASS,
trip_000104_gps_schema,PASS,
trip_000104_gps_time_sequence,PASS,
trip_000104_gps_trip_id,PASS,
trip_000104_origin_destination,PASS,
trip_000104_timeline,PASS,
trip_000104_walk_network_reference,PASS,
trip_000104_transfer_recomputed,PASS,
trip_000105_gps_schema,PASS,
trip_000105_gps_time_sequence,PASS,
trip_000105_gps_trip_id,PASS,
trip_000105_origin_destination,PASS,
trip_000105_timeline,PASS,
trip_000105_walk_network_reference,PASS,
trip_000105_transfer_recomputed,PASS,
trip_000106_gps_schema,PASS,
trip_000106_gps_time_sequence,PASS,
trip_000106_gps_trip_id,PASS,
trip_000106_origin_destination,PASS,
trip_000106_timeline,PASS,
trip_000106_walk_network_reference,PASS,
trip_000106_transfer_recomputed,PASS,
trip_000107_gps_schema,PASS,
trip_000107_gps_time_sequence,PASS,
trip_000107_gps_trip_id,PASS,
trip_000107_origin_destination,PASS,
trip_000107_timeline,PASS,
trip_000107_walk_network_reference,PASS,
trip_000107_transfer_recomputed,PASS,
trip_000108_gps_schema,PASS,
trip_000108_gps_time_sequence,PASS,
trip_000108_gps_trip_id,PASS,
trip_000108_origin_destination,PASS,
trip_000108_timeline,PASS,
trip_000108_walk_network_reference,PASS,
trip_000108_transfer_recomputed,PASS,
trip_000109_gps_schema,PASS,
trip_000109_gps_time_sequence,PASS,
trip_000109_gps_trip_id,PASS,
trip_000109_origin_destination,PASS,
trip_000109_timeline,PASS,
trip_000109_walk_network_reference,PASS,
trip_000109_transfer_recomputed,PASS,
trip_000110_gps_schema,PASS,
trip_000110_gps_time_sequence,PASS,
trip_000110_gps_trip_id,PASS,
trip_000110_origin_destination,PASS,
trip_000110_timeline,PASS,
trip_000110_walk_network_reference,PASS,
trip_000110_transfer_recomputed,PASS,
trip_000111_gps_schema,PASS,
trip_000111_gps_time_sequence,PASS,
trip_000111_gps_trip_id,PASS,
trip_000111_origin_destination,PASS,
trip_000111_timeline,PASS,
trip_000111_walk_network_reference,PASS,
trip_000111_transfer_recomputed,PASS,
trip_000112_gps_schema,PASS,
trip_000112_gps_time_sequence,PASS,
trip_000112_gps_trip_id,PASS,
trip_000112_origin_destination,PASS,
trip_000112_timeline,PASS,
trip_000112_walk_network_reference,PASS,
trip_000112_transfer_recomputed,PASS,
trip_000113_gps_schema,PASS,
trip_000113_gps_time_sequence,PASS,
trip_000113_gps_trip_id,PASS,
trip_000113_origin_destination,PASS,
trip_000113_timeline,PASS,
trip_000113_walk_network_reference,PASS,
trip_000113_transfer_recomputed,PASS,
trip_000114_gps_schema,PASS,
trip_000114_gps_time_sequence,PASS,
trip_000114_gps_trip_id,PASS,
trip_000114_origin_destination,PASS,
trip_000114_timeline,PASS,
trip_000114_walk_network_reference,PASS,
trip_000114_transfer_recomputed,PASS,
trip_000115_gps_schema,PASS,
trip_000115_gps_time_sequence,PASS,
trip_000115_gps_trip_id,PASS,
trip_000115_origin_destination,PASS,
trip_000115_timeline,PASS,
trip_000115_walk_network_reference,PASS,
trip_000115_transfer_recomputed,PASS,
trip_000116_gps_schema,PASS,
trip_000116_gps_time_sequence,PASS,
trip_000116_gps_trip_id,PASS,
trip_000116_origin_destination,PASS,
trip_000116_timeline,PASS,
trip_000116_walk_network_reference,PASS,
trip_000116_transfer_recomputed,PASS,
trip_000117_gps_schema,PASS,
trip_000117_gps_time_sequence,PASS,
trip_000117_gps_trip_id,PASS,
trip_000117_origin_destination,PASS,
trip_000117_timeline,PASS,
trip_000117_walk_network_reference,PASS,
trip_000117_transfer_recomputed,PASS,
trip_000118_gps_schema,PASS,
trip_000118_gps_time_sequence,PASS,
trip_000118_gps_trip_id,PASS,
trip_000118_origin_destination,PASS,
trip_000118_timeline,PASS,
trip_000118_walk_network_reference,PASS,
trip_000118_transfer_recomputed,PASS,
trip_000119_gps_schema,PASS,
trip_000119_gps_time_sequence,PASS,
trip_000119_gps_trip_id,PASS,
trip_000119_origin_destination,PASS,
trip_000119_timeline,PASS,
trip_000119_walk_network_reference,PASS,
trip_000119_transfer_recomputed,PASS,
trip_000120_gps_schema,PASS,
trip_000120_gps_time_sequence,PASS,
trip_000120_gps_trip_id,PASS,
trip_000120_origin_destination,PASS,
trip_000120_timeline,PASS,
trip_000120_walk_network_reference,PASS,
trip_000120_transfer_recomputed,PASS,
trip_000121_gps_schema,PASS,
trip_000121_gps_time_sequence,PASS,
trip_000121_gps_trip_id,PASS,
trip_000121_origin_destination,PASS,
trip_000121_timeline,PASS,
trip_000121_bike_network_reference,PASS,
trip_000121_transfer_recomputed,PASS,
trip_000122_gps_schema,PASS,
trip_000122_gps_time_sequence,PASS,
trip_000122_gps_trip_id,PASS,
trip_000122_origin_destination,PASS,
trip_000122_timeline,PASS,
trip_000122_bike_network_reference,PASS,
trip_000122_transfer_recomputed,PASS,
trip_000123_gps_schema,PASS,
trip_000123_gps_time_sequence,PASS,
trip_000123_gps_trip_id,PASS,
trip_000123_origin_destination,PASS,
trip_000123_timeline,PASS,
trip_000123_bike_network_reference,PASS,
trip_000123_transfer_recomputed,PASS,
trip_000124_gps_schema,PASS,
trip_000124_gps_time_sequence,PASS,
trip_000124_gps_trip_id,PASS,
trip_000124_origin_destination,PASS,
trip_000124_timeline,PASS,
trip_000124_bike_network_reference,PASS,
trip_000124_transfer_recomputed,PASS,
trip_000125_gps_schema,PASS,
trip_000125_gps_time_sequence,PASS,
trip_000125_gps_trip_id,PASS,
trip_000125_origin_destination,PASS,
trip_000125_timeline,PASS,
trip_000125_bike_network_reference,PASS,
trip_000125_transfer_recomputed,PASS,
trip_000126_gps_schema,PASS,
trip_000126_gps_time_sequence,PASS,
trip_000126_gps_trip_id,PASS,
trip_000126_origin_destination,PASS,
trip_000126_timeline,PASS,
trip_000126_bike_network_reference,PASS,
trip_000126_transfer_recomputed,PASS,
trip_000127_gps_schema,PASS,
trip_000127_gps_time_sequence,PASS,
trip_000127_gps_trip_id,PASS,
trip_000127_origin_destination,PASS,
trip_000127_timeline,PASS,
trip_000127_bike_network_reference,PASS,
trip_000127_transfer_recomputed,PASS,
trip_000128_gps_schema,PASS,
trip_000128_gps_time_sequence,PASS,
trip_000128_gps_trip_id,PASS,
trip_000128_origin_destination,PASS,
trip_000128_timeline,PASS,
trip_000128_bike_network_reference,PASS,
trip_000128_transfer_recomputed,PASS,
trip_000129_gps_schema,PASS,
trip_000129_gps_time_sequence,PASS,
trip_000129_gps_trip_id,PASS,
trip_000129_origin_destination,PASS,
trip_000129_timeline,PASS,
trip_000129_bike_network_reference,PASS,
trip_000129_transfer_recomputed,PASS,
trip_000130_gps_schema,PASS,
trip_000130_gps_time_sequence,PASS,
trip_000130_gps_trip_id,PASS,
trip_000130_origin_destination,PASS,
trip_000130_timeline,PASS,
trip_000130_bike_network_reference,PASS,
trip_000130_transfer_recomputed,PASS,
trip_000131_gps_schema,PASS,
trip_000131_gps_time_sequence,PASS,
trip_000131_gps_trip_id,PASS,
trip_000131_origin_destination,PASS,
trip_000131_timeline,PASS,
trip_000131_bike_network_reference,PASS,
trip_000131_transfer_recomputed,PASS,
trip_000132_gps_schema,PASS,
trip_000132_gps_time_sequence,PASS,
trip_000132_gps_trip_id,PASS,
trip_000132_origin_destination,PASS,
trip_000132_timeline,PASS,
trip_000132_bike_network_reference,PASS,
trip_000132_transfer_recomputed,PASS,
trip_000133_gps_schema,PASS,
trip_000133_gps_time_sequence,PASS,
trip_000133_gps_trip_id,PASS,
trip_000133_origin_destination,PASS,
trip_000133_timeline,PASS,
trip_000133_bike_network_reference,PASS,
trip_000133_transfer_recomputed,PASS,
trip_000134_gps_schema,PASS,
trip_000134_gps_time_sequence,PASS,
trip_000134_gps_trip_id,PASS,
trip_000134_origin_destination,PASS,
trip_000134_timeline,PASS,
trip_000134_bike_network_reference,PASS,
trip_000134_transfer_recomputed,PASS,
trip_000135_gps_schema,PASS,
trip_000135_gps_time_sequence,PASS,
trip_000135_gps_trip_id,PASS,
trip_000135_origin_destination,PASS,
trip_000135_timeline,PASS,
trip_000135_bike_network_reference,PASS,
trip_000135_transfer_recomputed,PASS,
trip_000136_gps_schema,PASS,
trip_000136_gps_time_sequence,PASS,
trip_000136_gps_trip_id,PASS,
trip_000136_origin_destination,PASS,
trip_000136_timeline,PASS,
trip_000136_bike_network_reference,PASS,
trip_000136_transfer_recomputed,PASS,
trip_000137_gps_schema,PASS,
trip_000137_gps_time_sequence,PASS,
trip_000137_gps_trip_id,PASS,
trip_000137_origin_destination,PASS,
trip_000137_timeline,PASS,
trip_000137_bike_network_reference,PASS,
trip_000137_transfer_recomputed,PASS,
trip_000138_gps_schema,PASS,
trip_000138_gps_time_sequence,PASS,
trip_000138_gps_trip_id,PASS,
trip_000138_origin_destination,PASS,
trip_000138_timeline,PASS,
trip_000138_bike_network_reference,PASS,
trip_000138_transfer_recomputed,PASS,
trip_000139_gps_schema,PASS,
trip_000139_gps_time_sequence,PASS,
trip_000139_gps_trip_id,PASS,
trip_000139_origin_destination,PASS,
trip_000139_timeline,PASS,
trip_000139_bike_network_reference,PASS,
trip_000139_transfer_recomputed,PASS,
trip_000140_gps_schema,PASS,
trip_000140_gps_time_sequence,PASS,
trip_000140_gps_trip_id,PASS,
trip_000140_origin_destination,PASS,
trip_000140_timeline,PASS,
trip_000140_bike_network_reference,PASS,
trip_000140_transfer_recomputed,PASS,
trip_000141_gps_schema,PASS,
trip_000141_gps_time_sequence,PASS,
trip_000141_gps_trip_id,PASS,
trip_000141_origin_destination,PASS,
trip_000141_timeline,PASS,
trip_000141_bike_network_reference,PASS,
trip_000141_transfer_recomputed,PASS,
trip_000142_gps_schema,PASS,
trip_000142_gps_time_sequence,PASS,
trip_000142_gps_trip_id,PASS,
trip_000142_origin_destination,PASS,
trip_000142_timeline,PASS,
trip_000142_bike_network_reference,PASS,
trip_000142_transfer_recomputed,PASS,
trip_000143_gps_schema,PASS,
trip_000143_gps_time_sequence,PASS,
trip_000143_gps_trip_id,PASS,
trip_000143_origin_destination,PASS,
trip_000143_timeline,PASS,
trip_000143_bike_network_reference,PASS,
trip_000143_transfer_recomputed,PASS,
trip_000144_gps_schema,PASS,
trip_000144_gps_time_sequence,PASS,
trip_000144_gps_trip_id,PASS,
trip_000144_origin_destination,PASS,
trip_000144_timeline,PASS,
trip_000144_bike_network_reference,PASS,
trip_000144_transfer_recomputed,PASS,
trip_000145_gps_schema,PASS,
trip_000145_gps_time_sequence,PASS,
trip_000145_gps_trip_id,PASS,
trip_000145_origin_destination,PASS,
trip_000145_timeline,PASS,
trip_000145_bike_network_reference,PASS,
trip_000145_transfer_recomputed,PASS,
trip_000146_gps_schema,PASS,
trip_000146_gps_time_sequence,PASS,
trip_000146_gps_trip_id,PASS,
trip_000146_origin_destination,PASS,
trip_000146_timeline,PASS,
trip_000146_bike_network_reference,PASS,
trip_000146_transfer_recomputed,PASS,
trip_000147_gps_schema,PASS,
trip_000147_gps_time_sequence,PASS,
trip_000147_gps_trip_id,PASS,
trip_000147_origin_destination,PASS,
trip_000147_timeline,PASS,
trip_000147_bike_network_reference,PASS,
trip_000147_transfer_recomputed,PASS,
trip_000148_gps_schema,PASS,
trip_000148_gps_time_sequence,PASS,
trip_000148_gps_trip_id,PASS,
trip_000148_origin_destination,PASS,
trip_000148_timeline,PASS,
trip_000148_bike_network_reference,PASS,
trip_000148_transfer_recomputed,PASS,
trip_000149_gps_schema,PASS,
trip_000149_gps_time_sequence,PASS,
trip_000149_gps_trip_id,PASS,
trip_000149_origin_destination,PASS,
trip_000149_timeline,PASS,
trip_000149_bike_network_reference,PASS,
trip_000149_transfer_recomputed,PASS,
trip_000150_gps_schema,PASS,
trip_000150_gps_time_sequence,PASS,
trip_000150_gps_trip_id,PASS,
trip_000150_origin_destination,PASS,
trip_000150_timeline,PASS,
trip_000150_bike_network_reference,PASS,
trip_000150_transfer_recomputed,PASS,
trip_000151_gps_schema,PASS,
trip_000151_gps_time_sequence,PASS,
trip_000151_gps_trip_id,PASS,
trip_000151_origin_destination,PASS,
trip_000151_timeline,PASS,
trip_000151_bike_network_reference,PASS,
trip_000151_transfer_recomputed,PASS,
trip_000152_gps_schema,PASS,
trip_000152_gps_time_sequence,PASS,
trip_000152_gps_trip_id,PASS,
trip_000152_origin_destination,PASS,
trip_000152_timeline,PASS,
trip_000152_bike_network_reference,PASS,
trip_000152_transfer_recomputed,PASS,
trip_000153_gps_schema,PASS,
trip_000153_gps_time_sequence,PASS,
trip_000153_gps_trip_id,PASS,
trip_000153_origin_destination,PASS,
trip_000153_timeline,PASS,
trip_000153_bike_network_reference,PASS,
trip_000153_transfer_recomputed,PASS,
trip_000154_gps_schema,PASS,
trip_000154_gps_time_sequence,PASS,
trip_000154_gps_trip_id,PASS,
trip_000154_origin_destination,PASS,
trip_000154_timeline,PASS,
trip_000154_bike_network_reference,PASS,
trip_000154_transfer_recomputed,PASS,
trip_000155_gps_schema,PASS,
trip_000155_gps_time_sequence,PASS,
trip_000155_gps_trip_id,PASS,
trip_000155_origin_destination,PASS,
trip_000155_timeline,PASS,
trip_000155_bike_network_reference,PASS,
trip_000155_transfer_recomputed,PASS,
trip_000156_gps_schema,PASS,
trip_000156_gps_time_sequence,PASS,
trip_000156_gps_trip_id,PASS,
trip_000156_origin_destination,PASS,
trip_000156_timeline,PASS,
trip_000156_bike_network_reference,PASS,
trip_000156_transfer_recomputed,PASS,
trip_000157_gps_schema,PASS,
trip_000157_gps_time_sequence,PASS,
trip_000157_gps_trip_id,PASS,
trip_000157_origin_destination,PASS,
trip_000157_timeline,PASS,
trip_000157_bike_network_reference,PASS,
trip_000157_transfer_recomputed,PASS,
trip_000158_gps_schema,PASS,
trip_000158_gps_time_sequence,PASS,
trip_000158_gps_trip_id,PASS,
trip_000158_origin_destination,PASS,
trip_000158_timeline,PASS,
trip_000158_bike_network_reference,PASS,
trip_000158_transfer_recomputed,PASS,
trip_000159_gps_schema,PASS,
trip_000159_gps_time_sequence,PASS,
trip_000159_gps_trip_id,PASS,
trip_000159_origin_destination,PASS,
trip_000159_timeline,PASS,
trip_000159_bike_network_reference,PASS,
trip_000159_transfer_recomputed,PASS,
trip_000160_gps_schema,PASS,
trip_000160_gps_time_sequence,PASS,
trip_000160_gps_trip_id,PASS,
trip_000160_origin_destination,PASS,
trip_000160_timeline,PASS,
trip_000160_bike_network_reference,PASS,
trip_000160_transfer_recomputed,PASS,
trip_000161_gps_schema,PASS,
trip_000161_gps_time_sequence,PASS,
trip_000161_gps_trip_id,PASS,
trip_000161_origin_destination,PASS,
trip_000161_timeline,PASS,
trip_000161_bike_network_reference,PASS,
trip_000161_transfer_recomputed,PASS,
trip_000162_gps_schema,PASS,
trip_000162_gps_time_sequence,PASS,
trip_000162_gps_trip_id,PASS,
trip_000162_origin_destination,PASS,
trip_000162_timeline,PASS,
trip_000162_bike_network_reference,PASS,
trip_000162_transfer_recomputed,PASS,
trip_000163_gps_schema,PASS,
trip_000163_gps_time_sequence,PASS,
trip_000163_gps_trip_id,PASS,
trip_000163_origin_destination,PASS,
trip_000163_timeline,PASS,
trip_000163_bike_network_reference,PASS,
trip_000163_transfer_recomputed,PASS,
trip_000164_gps_schema,PASS,
trip_000164_gps_time_sequence,PASS,
trip_000164_gps_trip_id,PASS,
trip_000164_origin_destination,PASS,
trip_000164_timeline,PASS,
trip_000164_bike_network_reference,PASS,
trip_000164_transfer_recomputed,PASS,
trip_000165_gps_schema,PASS,
trip_000165_gps_time_sequence,PASS,
trip_000165_gps_trip_id,PASS,
trip_000165_origin_destination,PASS,
trip_000165_timeline,PASS,
trip_000165_bike_network_reference,PASS,
trip_000165_transfer_recomputed,PASS,
trip_000166_gps_schema,PASS,
trip_000166_gps_time_sequence,PASS,
trip_000166_gps_trip_id,PASS,
trip_000166_origin_destination,PASS,
trip_000166_timeline,PASS,
trip_000166_bike_network_reference,PASS,
trip_000166_transfer_recomputed,PASS,
trip_000167_gps_schema,PASS,
trip_000167_gps_time_sequence,PASS,
trip_000167_gps_trip_id,PASS,
trip_000167_origin_destination,PASS,
trip_000167_timeline,PASS,
trip_000167_bike_network_reference,PASS,
trip_000167_transfer_recomputed,PASS,
trip_000168_gps_schema,PASS,
trip_000168_gps_time_sequence,PASS,
trip_000168_gps_trip_id,PASS,
trip_000168_origin_destination,PASS,
trip_000168_timeline,PASS,
trip_000168_bike_network_reference,PASS,
trip_000168_transfer_recomputed,PASS,
trip_000169_gps_schema,PASS,
trip_000169_gps_time_sequence,PASS,
trip_000169_gps_trip_id,PASS,
trip_000169_origin_destination,PASS,
trip_000169_timeline,PASS,
trip_000169_bike_network_reference,PASS,
trip_000169_transfer_recomputed,PASS,
trip_000170_gps_schema,PASS,
trip_000170_gps_time_sequence,PASS,
trip_000170_gps_trip_id,PASS,
trip_000170_origin_destination,PASS,
trip_000170_timeline,PASS,
trip_000170_bike_network_reference,PASS,
trip_000170_transfer_recomputed,PASS,
trip_000171_gps_schema,PASS,
trip_000171_gps_time_sequence,PASS,
trip_000171_gps_trip_id,PASS,
trip_000171_origin_destination,PASS,
trip_000171_timeline,PASS,
trip_000171_bike_network_reference,PASS,
trip_000171_transfer_recomputed,PASS,
trip_000172_gps_schema,PASS,
trip_000172_gps_time_sequence,PASS,
trip_000172_gps_trip_id,PASS,
trip_000172_origin_destination,PASS,
trip_000172_timeline,PASS,
trip_000172_bike_network_reference,PASS,
trip_000172_transfer_recomputed,PASS,
trip_000173_gps_schema,PASS,
trip_000173_gps_time_sequence,PASS,
trip_000173_gps_trip_id,PASS,
trip_000173_origin_destination,PASS,
trip_000173_timeline,PASS,
trip_000173_bike_network_reference,PASS,
trip_000173_transfer_recomputed,PASS,
trip_000174_gps_schema,PASS,
trip_000174_gps_time_sequence,PASS,
trip_000174_gps_trip_id,PASS,
trip_000174_origin_destination,PASS,
trip_000174_timeline,PASS,
trip_000174_bike_network_reference,PASS,
trip_000174_transfer_recomputed,PASS,
trip_000175_gps_schema,PASS,
trip_000175_gps_time_sequence,PASS,
trip_000175_gps_trip_id,PASS,
trip_000175_origin_destination,PASS,
trip_000175_timeline,PASS,
trip_000175_bike_network_reference,PASS,
trip_000175_transfer_recomputed,PASS,
trip_000176_gps_schema,PASS,
trip_000176_gps_time_sequence,PASS,
trip_000176_gps_trip_id,PASS,
trip_000176_origin_destination,PASS,
trip_000176_timeline,PASS,
trip_000176_bike_network_reference,PASS,
trip_000176_transfer_recomputed,PASS,
trip_000177_gps_schema,PASS,
trip_000177_gps_time_sequence,PASS,
trip_000177_gps_trip_id,PASS,
trip_000177_origin_destination,PASS,
trip_000177_timeline,PASS,
trip_000177_bike_network_reference,PASS,
trip_000177_transfer_recomputed,PASS,
trip_000178_gps_schema,PASS,
trip_000178_gps_time_sequence,PASS,
trip_000178_gps_trip_id,PASS,
trip_000178_origin_destination,PASS,
trip_000178_timeline,PASS,
trip_000178_bike_network_reference,PASS,
trip_000178_transfer_recomputed,PASS,
trip_000179_gps_schema,PASS,
trip_000179_gps_time_sequence,PASS,
trip_000179_gps_trip_id,PASS,
trip_000179_origin_destination,PASS,
trip_000179_timeline,PASS,
trip_000179_bike_network_reference,PASS,
trip_000179_transfer_recomputed,PASS,
trip_000180_gps_schema,PASS,
trip_000180_gps_time_sequence,PASS,
trip_000180_gps_trip_id,PASS,
trip_000180_origin_destination,PASS,
trip_000180_timeline,PASS,
trip_000180_bike_network_reference,PASS,
trip_000180_transfer_recomputed,PASS,
trip_000181_gps_schema,PASS,
trip_000181_gps_time_sequence,PASS,
trip_000181_gps_trip_id,PASS,
trip_000181_origin_destination,PASS,
trip_000181_timeline,PASS,
trip_000181_bike_network_reference,PASS,
trip_000181_transfer_recomputed,PASS,
trip_000182_gps_schema,PASS,
trip_000182_gps_time_sequence,PASS,
trip_000182_gps_trip_id,PASS,
trip_000182_origin_destination,PASS,
trip_000182_timeline,PASS,
trip_000182_bike_network_reference,PASS,
trip_000182_transfer_recomputed,PASS,
trip_000183_gps_schema,PASS,
trip_000183_gps_time_sequence,PASS,
trip_000183_gps_trip_id,PASS,
trip_000183_origin_destination,PASS,
trip_000183_timeline,PASS,
trip_000183_bike_network_reference,PASS,
trip_000183_transfer_recomputed,PASS,
trip_000184_gps_schema,PASS,
trip_000184_gps_time_sequence,PASS,
trip_000184_gps_trip_id,PASS,
trip_000184_origin_destination,PASS,
trip_000184_timeline,PASS,
trip_000184_bike_network_reference,PASS,
trip_000184_transfer_recomputed,PASS,
trip_000185_gps_schema,PASS,
trip_000185_gps_time_sequence,PASS,
trip_000185_gps_trip_id,PASS,
trip_000185_origin_destination,PASS,
trip_000185_timeline,PASS,
trip_000185_bike_network_reference,PASS,
trip_000185_transfer_recomputed,PASS,
trip_000186_gps_schema,PASS,
trip_000186_gps_time_sequence,PASS,
trip_000186_gps_trip_id,PASS,
trip_000186_origin_destination,PASS,
trip_000186_timeline,PASS,
trip_000186_bike_network_reference,PASS,
trip_000186_transfer_recomputed,PASS,
trip_000187_gps_schema,PASS,
trip_000187_gps_time_sequence,PASS,
trip_000187_gps_trip_id,PASS,
trip_000187_origin_destination,PASS,
trip_000187_timeline,PASS,
trip_000187_bike_network_reference,PASS,
trip_000187_transfer_recomputed,PASS,
trip_000188_gps_schema,PASS,
trip_000188_gps_time_sequence,PASS,
trip_000188_gps_trip_id,PASS,
trip_000188_origin_destination,PASS,
trip_000188_timeline,PASS,
trip_000188_bike_network_reference,PASS,
trip_000188_transfer_recomputed,PASS,
trip_000189_gps_schema,PASS,
trip_000189_gps_time_sequence,PASS,
trip_000189_gps_trip_id,PASS,
trip_000189_origin_destination,PASS,
trip_000189_timeline,PASS,
trip_000189_bike_network_reference,PASS,
trip_000189_transfer_recomputed,PASS,
trip_000190_gps_schema,PASS,
trip_000190_gps_time_sequence,PASS,
trip_000190_gps_trip_id,PASS,
trip_000190_origin_destination,PASS,
trip_000190_timeline,PASS,
trip_000190_bike_network_reference,PASS,
trip_000190_transfer_recomputed,PASS,
trip_000191_gps_schema,PASS,
trip_000191_gps_time_sequence,PASS,
trip_000191_gps_trip_id,PASS,
trip_000191_origin_destination,PASS,
trip_000191_timeline,PASS,
trip_000191_bike_network_reference,PASS,
trip_000191_transfer_recomputed,PASS,
trip_000192_gps_schema,PASS,
trip_000192_gps_time_sequence,PASS,
trip_000192_gps_trip_id,PASS,
trip_000192_origin_destination,PASS,
trip_000192_timeline,PASS,
trip_000192_bike_network_reference,PASS,
trip_000192_transfer_recomputed,PASS,
trip_000193_gps_schema,PASS,
trip_000193_gps_time_sequence,PASS,
trip_000193_gps_trip_id,PASS,
trip_000193_origin_destination,PASS,
trip_000193_timeline,PASS,
trip_000193_bike_network_reference,PASS,
trip_000193_transfer_recomputed,PASS,
trip_000194_gps_schema,PASS,
trip_000194_gps_time_sequence,PASS,
trip_000194_gps_trip_id,PASS,
trip_000194_origin_destination,PASS,
trip_000194_timeline,PASS,
trip_000194_bike_network_reference,PASS,
trip_000194_transfer_recomputed,PASS,
trip_000195_gps_schema,PASS,
trip_000195_gps_time_sequence,PASS,
trip_000195_gps_trip_id,PASS,
trip_000195_origin_destination,PASS,
trip_000195_timeline,PASS,
trip_000195_bike_network_reference,PASS,
trip_000195_transfer_recomputed,PASS,
trip_000196_gps_schema,PASS,
trip_000196_gps_time_sequence,PASS,
trip_000196_gps_trip_id,PASS,
trip_000196_origin_destination,PASS,
trip_000196_timeline,PASS,
trip_000196_bike_network_reference,PASS,
trip_000196_transfer_recomputed,PASS,
trip_000197_gps_schema,PASS,
trip_000197_gps_time_sequence,PASS,
trip_000197_gps_trip_id,PASS,
trip_000197_origin_destination,PASS,
trip_000197_timeline,PASS,
trip_000197_bike_network_reference,PASS,
trip_000197_transfer_recomputed,PASS,
trip_000198_gps_schema,PASS,
trip_000198_gps_time_sequence,PASS,
trip_000198_gps_trip_id,PASS,
trip_000198_origin_destination,PASS,
trip_000198_timeline,PASS,
trip_000198_bike_network_reference,PASS,
trip_000198_transfer_recomputed,PASS,
trip_000199_gps_schema,PASS,
trip_000199_gps_time_sequence,PASS,
trip_000199_gps_trip_id,PASS,
trip_000199_origin_destination,PASS,
trip_000199_timeline,PASS,
trip_000199_bike_network_reference,PASS,
trip_000199_transfer_recomputed,PASS,
trip_000200_gps_schema,PASS,
trip_000200_gps_time_sequence,PASS,
trip_000200_gps_trip_id,PASS,
trip_000200_origin_destination,PASS,
trip_000200_timeline,PASS,
trip_000200_bike_network_reference,PASS,
trip_000200_transfer_recomputed,PASS,
trip_000201_gps_schema,PASS,
trip_000201_gps_time_sequence,PASS,
trip_000201_gps_trip_id,PASS,
trip_000201_origin_destination,PASS,
trip_000201_timeline,PASS,
trip_000201_bike_network_reference,PASS,
trip_000201_transfer_recomputed,PASS,
trip_000202_gps_schema,PASS,
trip_000202_gps_time_sequence,PASS,
trip_000202_gps_trip_id,PASS,
trip_000202_origin_destination,PASS,
trip_000202_timeline,PASS,
trip_000202_bike_network_reference,PASS,
trip_000202_transfer_recomputed,PASS,
trip_000203_gps_schema,PASS,
trip_000203_gps_time_sequence,PASS,
trip_000203_gps_trip_id,PASS,
trip_000203_origin_destination,PASS,
trip_000203_timeline,PASS,
trip_000203_bike_network_reference,PASS,
trip_000203_transfer_recomputed,PASS,
trip_000204_gps_schema,PASS,
trip_000204_gps_time_sequence,PASS,
trip_000204_gps_trip_id,PASS,
trip_000204_origin_destination,PASS,
trip_000204_timeline,PASS,
trip_000204_bike_network_reference,PASS,
trip_000204_transfer_recomputed,PASS,
trip_000205_gps_schema,PASS,
trip_000205_gps_time_sequence,PASS,
trip_000205_gps_trip_id,PASS,
trip_000205_origin_destination,PASS,
trip_000205_timeline,PASS,
trip_000205_bike_network_reference,PASS,
trip_000205_transfer_recomputed,PASS,
trip_000206_gps_schema,PASS,
trip_000206_gps_time_sequence,PASS,
trip_000206_gps_trip_id,PASS,
trip_000206_origin_destination,PASS,
trip_000206_timeline,PASS,
trip_000206_bike_network_reference,PASS,
trip_000206_transfer_recomputed,PASS,
trip_000207_gps_schema,PASS,
trip_000207_gps_time_sequence,PASS,
trip_000207_gps_trip_id,PASS,
trip_000207_origin_destination,PASS,
trip_000207_timeline,PASS,
trip_000207_bike_network_reference,PASS,
trip_000207_transfer_recomputed,PASS,
trip_000208_gps_schema,PASS,
trip_000208_gps_time_sequence,PASS,
trip_000208_gps_trip_id,PASS,
trip_000208_origin_destination,PASS,
trip_000208_timeline,PASS,
trip_000208_bike_network_reference,PASS,
trip_000208_transfer_recomputed,PASS,
trip_000209_gps_schema,PASS,
trip_000209_gps_time_sequence,PASS,
trip_000209_gps_trip_id,PASS,
trip_000209_origin_destination,PASS,
trip_000209_timeline,PASS,
trip_000209_bike_network_reference,PASS,
trip_000209_transfer_recomputed,PASS,
trip_000210_gps_schema,PASS,
trip_000210_gps_time_sequence,PASS,
trip_000210_gps_trip_id,PASS,
trip_000210_origin_destination,PASS,
trip_000210_timeline,PASS,
trip_000210_bike_network_reference,PASS,
trip_000210_transfer_recomputed,PASS,
trip_000211_gps_schema,PASS,
trip_000211_gps_time_sequence,PASS,
trip_000211_gps_trip_id,PASS,
trip_000211_origin_destination,PASS,
trip_000211_timeline,PASS,
trip_000211_bike_network_reference,PASS,
trip_000211_transfer_recomputed,PASS,
trip_000212_gps_schema,PASS,
trip_000212_gps_time_sequence,PASS,
trip_000212_gps_trip_id,PASS,
trip_000212_origin_destination,PASS,
trip_000212_timeline,PASS,
trip_000212_bike_network_reference,PASS,
trip_000212_transfer_recomputed,PASS,
trip_000213_gps_schema,PASS,
trip_000213_gps_time_sequence,PASS,
trip_000213_gps_trip_id,PASS,
trip_000213_origin_destination,PASS,
trip_000213_timeline,PASS,
trip_000213_bike_network_reference,PASS,
trip_000213_transfer_recomputed,PASS,
trip_000214_gps_schema,PASS,
trip_000214_gps_time_sequence,PASS,
trip_000214_gps_trip_id,PASS,
trip_000214_origin_destination,PASS,
trip_000214_timeline,PASS,
trip_000214_bike_network_reference,PASS,
trip_000214_transfer_recomputed,PASS,
trip_000215_gps_schema,PASS,
trip_000215_gps_time_sequence,PASS,
trip_000215_gps_trip_id,PASS,
trip_000215_origin_destination,PASS,
trip_000215_timeline,PASS,
trip_000215_bike_network_reference,PASS,
trip_000215_transfer_recomputed,PASS,
trip_000216_gps_schema,PASS,
trip_000216_gps_time_sequence,PASS,
trip_000216_gps_trip_id,PASS,
trip_000216_origin_destination,PASS,
trip_000216_timeline,PASS,
trip_000216_bike_network_reference,PASS,
trip_000216_transfer_recomputed,PASS,
trip_000217_gps_schema,PASS,
trip_000217_gps_time_sequence,PASS,
trip_000217_gps_trip_id,PASS,
trip_000217_origin_destination,PASS,
trip_000217_timeline,PASS,
trip_000217_bike_network_reference,PASS,
trip_000217_transfer_recomputed,PASS,
trip_000218_gps_schema,PASS,
trip_000218_gps_time_sequence,PASS,
trip_000218_gps_trip_id,PASS,
trip_000218_origin_destination,PASS,
trip_000218_timeline,PASS,
trip_000218_bike_network_reference,PASS,
trip_000218_transfer_recomputed,PASS,
trip_000219_gps_schema,PASS,
trip_000219_gps_time_sequence,PASS,
trip_000219_gps_trip_id,PASS,
trip_000219_origin_destination,PASS,
trip_000219_timeline,PASS,
trip_000219_bike_network_reference,PASS,
trip_000219_transfer_recomputed,PASS,
trip_000220_gps_schema,PASS,
trip_000220_gps_time_sequence,PASS,
trip_000220_gps_trip_id,PASS,
trip_000220_origin_destination,PASS,
trip_000220_timeline,PASS,
trip_000220_bike_network_reference,PASS,
trip_000220_transfer_recomputed,PASS,
trip_000221_gps_schema,PASS,
trip_000221_gps_time_sequence,PASS,
trip_000221_gps_trip_id,PASS,
trip_000221_origin_destination,PASS,
trip_000221_timeline,PASS,
trip_000221_bike_network_reference,PASS,
trip_000221_transfer_recomputed,PASS,
trip_000222_gps_schema,PASS,
trip_000222_gps_time_sequence,PASS,
trip_000222_gps_trip_id,PASS,
trip_000222_origin_destination,PASS,
trip_000222_timeline,PASS,
trip_000222_bike_network_reference,PASS,
trip_000222_transfer_recomputed,PASS,
trip_000223_gps_schema,PASS,
trip_000223_gps_time_sequence,PASS,
trip_000223_gps_trip_id,PASS,
trip_000223_origin_destination,PASS,
trip_000223_timeline,PASS,
trip_000223_bike_network_reference,PASS,
trip_000223_transfer_recomputed,PASS,
trip_000224_gps_schema,PASS,
trip_000224_gps_time_sequence,PASS,
trip_000224_gps_trip_id,PASS,
trip_000224_origin_destination,PASS,
trip_000224_timeline,PASS,
trip_000224_bike_network_reference,PASS,
trip_000224_transfer_recomputed,PASS,
trip_000225_gps_schema,PASS,
trip_000225_gps_time_sequence,PASS,
trip_000225_gps_trip_id,PASS,
trip_000225_origin_destination,PASS,
trip_000225_timeline,PASS,
trip_000225_bike_network_reference,PASS,
trip_000225_transfer_recomputed,PASS,
trip_000226_gps_schema,PASS,
trip_000226_gps_time_sequence,PASS,
trip_000226_gps_trip_id,PASS,
trip_000226_origin_destination,PASS,
trip_000226_timeline,PASS,
trip_000226_bike_network_reference,PASS,
trip_000226_transfer_recomputed,PASS,
trip_000227_gps_schema,PASS,
trip_000227_gps_time_sequence,PASS,
trip_000227_gps_trip_id,PASS,
trip_000227_origin_destination,PASS,
trip_000227_timeline,PASS,
trip_000227_bike_network_reference,PASS,
trip_000227_transfer_recomputed,PASS,
trip_000228_gps_schema,PASS,
trip_000228_gps_time_sequence,PASS,
trip_000228_gps_trip_id,PASS,
trip_000228_origin_destination,PASS,
trip_000228_timeline,PASS,
trip_000228_bike_network_reference,PASS,
trip_000228_transfer_recomputed,PASS,
trip_000229_gps_schema,PASS,
trip_000229_gps_time_sequence,PASS,
trip_000229_gps_trip_id,PASS,
trip_000229_origin_destination,PASS,
trip_000229_timeline,PASS,
trip_000229_bike_network_reference,PASS,
trip_000229_transfer_recomputed,PASS,
trip_000230_gps_schema,PASS,
trip_000230_gps_time_sequence,PASS,
trip_000230_gps_trip_id,PASS,
trip_000230_origin_destination,PASS,
trip_000230_timeline,PASS,
trip_000230_bike_network_reference,PASS,
trip_000230_transfer_recomputed,PASS,
trip_000231_gps_schema,PASS,
trip_000231_gps_time_sequence,PASS,
trip_000231_gps_trip_id,PASS,
trip_000231_origin_destination,PASS,
trip_000231_timeline,PASS,
trip_000231_car_network_reference,PASS,
trip_000231_transfer_recomputed,PASS,
trip_000232_gps_schema,PASS,
trip_000232_gps_time_sequence,PASS,
trip_000232_gps_trip_id,PASS,
trip_000232_origin_destination,PASS,
trip_000232_timeline,PASS,
trip_000232_car_network_reference,PASS,
trip_000232_transfer_recomputed,PASS,
trip_000233_gps_schema,PASS,
trip_000233_gps_time_sequence,PASS,
trip_000233_gps_trip_id,PASS,
trip_000233_origin_destination,PASS,
trip_000233_timeline,PASS,
trip_000233_car_network_reference,PASS,
trip_000233_transfer_recomputed,PASS,
trip_000234_gps_schema,PASS,
trip_000234_gps_time_sequence,PASS,
trip_000234_gps_trip_id,PASS,
trip_000234_origin_destination,PASS,
trip_000234_timeline,PASS,
trip_000234_car_network_reference,PASS,
trip_000234_transfer_recomputed,PASS,
trip_000235_gps_schema,PASS,
trip_000235_gps_time_sequence,PASS,
trip_000235_gps_trip_id,PASS,
trip_000235_origin_destination,PASS,
trip_000235_timeline,PASS,
trip_000235_car_network_reference,PASS,
trip_000235_transfer_recomputed,PASS,
trip_000236_gps_schema,PASS,
trip_000236_gps_time_sequence,PASS,
trip_000236_gps_trip_id,PASS,
trip_000236_origin_destination,PASS,
trip_000236_timeline,PASS,
trip_000236_car_network_reference,PASS,
trip_000236_transfer_recomputed,PASS,
trip_000237_gps_schema,PASS,
trip_000237_gps_time_sequence,PASS,
trip_000237_gps_trip_id,PASS,
trip_000237_origin_destination,PASS,
trip_000237_timeline,PASS,
trip_000237_car_network_reference,PASS,
trip_000237_transfer_recomputed,PASS,
trip_000238_gps_schema,PASS,
trip_000238_gps_time_sequence,PASS,
trip_000238_gps_trip_id,PASS,
trip_000238_origin_destination,PASS,
trip_000238_timeline,PASS,
trip_000238_car_network_reference,PASS,
trip_000238_transfer_recomputed,PASS,
trip_000239_gps_schema,PASS,
trip_000239_gps_time_sequence,PASS,
trip_000239_gps_trip_id,PASS,
trip_000239_origin_destination,PASS,
trip_000239_timeline,PASS,
trip_000239_car_network_reference,PASS,
trip_000239_transfer_recomputed,PASS,
trip_000240_gps_schema,PASS,
trip_000240_gps_time_sequence,PASS,
trip_000240_gps_trip_id,PASS,
trip_000240_origin_destination,PASS,
trip_000240_timeline,PASS,
trip_000240_car_network_reference,PASS,
trip_000240_transfer_recomputed,PASS,
trip_000241_gps_schema,PASS,
trip_000241_gps_time_sequence,PASS,
trip_000241_gps_trip_id,PASS,
trip_000241_origin_destination,PASS,
trip_000241_timeline,PASS,
trip_000241_car_network_reference,PASS,
trip_000241_transfer_recomputed,PASS,
trip_000242_gps_schema,PASS,
trip_000242_gps_time_sequence,PASS,
trip_000242_gps_trip_id,PASS,
trip_000242_origin_destination,PASS,
trip_000242_timeline,PASS,
trip_000242_car_network_reference,PASS,
trip_000242_transfer_recomputed,PASS,
trip_000243_gps_schema,PASS,
trip_000243_gps_time_sequence,PASS,
trip_000243_gps_trip_id,PASS,
trip_000243_origin_destination,PASS,
trip_000243_timeline,PASS,
trip_000243_car_network_reference,PASS,
trip_000243_transfer_recomputed,PASS,
trip_000244_gps_schema,PASS,
trip_000244_gps_time_sequence,PASS,
trip_000244_gps_trip_id,PASS,
trip_000244_origin_destination,PASS,
trip_000244_timeline,PASS,
trip_000244_car_network_reference,PASS,
trip_000244_transfer_recomputed,PASS,
trip_000245_gps_schema,PASS,
trip_000245_gps_time_sequence,PASS,
trip_000245_gps_trip_id,PASS,
trip_000245_origin_destination,PASS,
trip_000245_timeline,PASS,
trip_000245_car_network_reference,PASS,
trip_000245_transfer_recomputed,PASS,
trip_000246_gps_schema,PASS,
trip_000246_gps_time_sequence,PASS,
trip_000246_gps_trip_id,PASS,
trip_000246_origin_destination,PASS,
trip_000246_timeline,PASS,
trip_000246_car_network_reference,PASS,
trip_000246_transfer_recomputed,PASS,
trip_000247_gps_schema,PASS,
trip_000247_gps_time_sequence,PASS,
trip_000247_gps_trip_id,PASS,
trip_000247_origin_destination,PASS,
trip_000247_timeline,PASS,
trip_000247_car_network_reference,PASS,
trip_000247_transfer_recomputed,PASS,
trip_000248_gps_schema,PASS,
trip_000248_gps_time_sequence,PASS,
trip_000248_gps_trip_id,PASS,
trip_000248_origin_destination,PASS,
trip_000248_timeline,PASS,
trip_000248_car_network_reference,PASS,
trip_000248_transfer_recomputed,PASS,
trip_000249_gps_schema,PASS,
trip_000249_gps_time_sequence,PASS,
trip_000249_gps_trip_id,PASS,
trip_000249_origin_destination,PASS,
trip_000249_timeline,PASS,
trip_000249_car_network_reference,PASS,
trip_000249_transfer_recomputed,PASS,
trip_000250_gps_schema,PASS,
trip_000250_gps_time_sequence,PASS,
trip_000250_gps_trip_id,PASS,
trip_000250_origin_destination,PASS,
trip_000250_timeline,PASS,
trip_000250_car_network_reference,PASS,
trip_000250_transfer_recomputed,PASS,
trip_000251_gps_schema,PASS,
trip_000251_gps_time_sequence,PASS,
trip_000251_gps_trip_id,PASS,
trip_000251_origin_destination,PASS,
trip_000251_timeline,PASS,
trip_000251_car_network_reference,PASS,
trip_000251_transfer_recomputed,PASS,
trip_000252_gps_schema,PASS,
trip_000252_gps_time_sequence,PASS,
trip_000252_gps_trip_id,PASS,
trip_000252_origin_destination,PASS,
trip_000252_timeline,PASS,
trip_000252_car_network_reference,PASS,
trip_000252_transfer_recomputed,PASS,
trip_000253_gps_schema,PASS,
trip_000253_gps_time_sequence,PASS,
trip_000253_gps_trip_id,PASS,
trip_000253_origin_destination,PASS,
trip_000253_timeline,PASS,
trip_000253_car_network_reference,PASS,
trip_000253_transfer_recomputed,PASS,
trip_000254_gps_schema,PASS,
trip_000254_gps_time_sequence,PASS,
trip_000254_gps_trip_id,PASS,
trip_000254_origin_destination,PASS,
trip_000254_timeline,PASS,
trip_000254_car_network_reference,PASS,
trip_000254_transfer_recomputed,PASS,
trip_000255_gps_schema,PASS,
trip_000255_gps_time_sequence,PASS,
trip_000255_gps_trip_id,PASS,
trip_000255_origin_destination,PASS,
trip_000255_timeline,PASS,
trip_000255_car_network_reference,PASS,
trip_000255_transfer_recomputed,PASS,
trip_000256_gps_schema,PASS,
trip_000256_gps_time_sequence,PASS,
trip_000256_gps_trip_id,PASS,
trip_000256_origin_destination,PASS,
trip_000256_timeline,PASS,
trip_000256_car_network_reference,PASS,
trip_000256_transfer_recomputed,PASS,
trip_000257_gps_schema,PASS,
trip_000257_gps_time_sequence,PASS,
trip_000257_gps_trip_id,PASS,
trip_000257_origin_destination,PASS,
trip_000257_timeline,PASS,
trip_000257_car_network_reference,PASS,
trip_000257_transfer_recomputed,PASS,
trip_000258_gps_schema,PASS,
trip_000258_gps_time_sequence,PASS,
trip_000258_gps_trip_id,PASS,
trip_000258_origin_destination,PASS,
trip_000258_timeline,PASS,
trip_000258_car_network_reference,PASS,
trip_000258_transfer_recomputed,PASS,
trip_000259_gps_schema,PASS,
trip_000259_gps_time_sequence,PASS,
trip_000259_gps_trip_id,PASS,
trip_000259_origin_destination,PASS,
trip_000259_timeline,PASS,
trip_000259_car_network_reference,PASS,
trip_000259_transfer_recomputed,PASS,
trip_000260_gps_schema,PASS,
trip_000260_gps_time_sequence,PASS,
trip_000260_gps_trip_id,PASS,
trip_000260_origin_destination,PASS,
trip_000260_timeline,PASS,
trip_000260_car_network_reference,PASS,
trip_000260_transfer_recomputed,PASS,
trip_000261_gps_schema,PASS,
trip_000261_gps_time_sequence,PASS,
trip_000261_gps_trip_id,PASS,
trip_000261_origin_destination,PASS,
trip_000261_timeline,PASS,
trip_000261_car_network_reference,PASS,
trip_000261_transfer_recomputed,PASS,
trip_000262_gps_schema,PASS,
trip_000262_gps_time_sequence,PASS,
trip_000262_gps_trip_id,PASS,
trip_000262_origin_destination,PASS,
trip_000262_timeline,PASS,
trip_000262_car_network_reference,PASS,
trip_000262_transfer_recomputed,PASS,
trip_000263_gps_schema,PASS,
trip_000263_gps_time_sequence,PASS,
trip_000263_gps_trip_id,PASS,
trip_000263_origin_destination,PASS,
trip_000263_timeline,PASS,
trip_000263_car_network_reference,PASS,
trip_000263_transfer_recomputed,PASS,
trip_000264_gps_schema,PASS,
trip_000264_gps_time_sequence,PASS,
trip_000264_gps_trip_id,PASS,
trip_000264_origin_destination,PASS,
trip_000264_timeline,PASS,
trip_000264_car_network_reference,PASS,
trip_000264_transfer_recomputed,PASS,
trip_000265_gps_schema,PASS,
trip_000265_gps_time_sequence,PASS,
trip_000265_gps_trip_id,PASS,
trip_000265_origin_destination,PASS,
trip_000265_timeline,PASS,
trip_000265_car_network_reference,PASS,
trip_000265_transfer_recomputed,PASS,
trip_000266_gps_schema,PASS,
trip_000266_gps_time_sequence,PASS,
trip_000266_gps_trip_id,PASS,
trip_000266_origin_destination,PASS,
trip_000266_timeline,PASS,
trip_000266_car_network_reference,PASS,
trip_000266_transfer_recomputed,PASS,
trip_000267_gps_schema,PASS,
trip_000267_gps_time_sequence,PASS,
trip_000267_gps_trip_id,PASS,
trip_000267_origin_destination,PASS,
trip_000267_timeline,PASS,
trip_000267_car_network_reference,PASS,
trip_000267_transfer_recomputed,PASS,
trip_000268_gps_schema,PASS,
trip_000268_gps_time_sequence,PASS,
trip_000268_gps_trip_id,PASS,
trip_000268_origin_destination,PASS,
trip_000268_timeline,PASS,
trip_000268_car_network_reference,PASS,
trip_000268_transfer_recomputed,PASS,
trip_000269_gps_schema,PASS,
trip_000269_gps_time_sequence,PASS,
trip_000269_gps_trip_id,PASS,
trip_000269_origin_destination,PASS,
trip_000269_timeline,PASS,
trip_000269_car_network_reference,PASS,
trip_000269_transfer_recomputed,PASS,
trip_000270_gps_schema,PASS,
trip_000270_gps_time_sequence,PASS,
trip_000270_gps_trip_id,PASS,
trip_000270_origin_destination,PASS,
trip_000270_timeline,PASS,
trip_000270_car_network_reference,PASS,
trip_000270_transfer_recomputed,PASS,
trip_000271_gps_schema,PASS,
trip_000271_gps_time_sequence,PASS,
trip_000271_gps_trip_id,PASS,
trip_000271_origin_destination,PASS,
trip_000271_timeline,PASS,
trip_000271_car_network_reference,PASS,
trip_000271_transfer_recomputed,PASS,
trip_000272_gps_schema,PASS,
trip_000272_gps_time_sequence,PASS,
trip_000272_gps_trip_id,PASS,
trip_000272_origin_destination,PASS,
trip_000272_timeline,PASS,
trip_000272_car_network_reference,PASS,
trip_000272_transfer_recomputed,PASS,
trip_000273_gps_schema,PASS,
trip_000273_gps_time_sequence,PASS,
trip_000273_gps_trip_id,PASS,
trip_000273_origin_destination,PASS,
trip_000273_timeline,PASS,
trip_000273_car_network_reference,PASS,
trip_000273_transfer_recomputed,PASS,
trip_000274_gps_schema,PASS,
trip_000274_gps_time_sequence,PASS,
trip_000274_gps_trip_id,PASS,
trip_000274_origin_destination,PASS,
trip_000274_timeline,PASS,
trip_000274_car_network_reference,PASS,
trip_000274_transfer_recomputed,PASS,
trip_000275_gps_schema,PASS,
trip_000275_gps_time_sequence,PASS,
trip_000275_gps_trip_id,PASS,
trip_000275_origin_destination,PASS,
trip_000275_timeline,PASS,
trip_000275_car_network_reference,PASS,
trip_000275_transfer_recomputed,PASS,
trip_000276_gps_schema,PASS,
trip_000276_gps_time_sequence,PASS,
trip_000276_gps_trip_id,PASS,
trip_000276_origin_destination,PASS,
trip_000276_timeline,PASS,
trip_000276_car_network_reference,PASS,
trip_000276_transfer_recomputed,PASS,
trip_000277_gps_schema,PASS,
trip_000277_gps_time_sequence,PASS,
trip_000277_gps_trip_id,PASS,
trip_000277_origin_destination,PASS,
trip_000277_timeline,PASS,
trip_000277_car_network_reference,PASS,
trip_000277_transfer_recomputed,PASS,
trip_000278_gps_schema,PASS,
trip_000278_gps_time_sequence,PASS,
trip_000278_gps_trip_id,PASS,
trip_000278_origin_destination,PASS,
trip_000278_timeline,PASS,
trip_000278_car_network_reference,PASS,
trip_000278_transfer_recomputed,PASS,
trip_000279_gps_schema,PASS,
trip_000279_gps_time_sequence,PASS,
trip_000279_gps_trip_id,PASS,
trip_000279_origin_destination,PASS,
trip_000279_timeline,PASS,
trip_000279_car_network_reference,PASS,
trip_000279_transfer_recomputed,PASS,
trip_000280_gps_schema,PASS,
trip_000280_gps_time_sequence,PASS,
trip_000280_gps_trip_id,PASS,
trip_000280_origin_destination,PASS,
trip_000280_timeline,PASS,
trip_000280_car_network_reference,PASS,
trip_000280_transfer_recomputed,PASS,
trip_000281_gps_schema,PASS,
trip_000281_gps_time_sequence,PASS,
trip_000281_gps_trip_id,PASS,
trip_000281_origin_destination,PASS,
trip_000281_timeline,PASS,
trip_000281_car_network_reference,PASS,
trip_000281_transfer_recomputed,PASS,
trip_000282_gps_schema,PASS,
trip_000282_gps_time_sequence,PASS,
trip_000282_gps_trip_id,PASS,
trip_000282_origin_destination,PASS,
trip_000282_timeline,PASS,
trip_000282_car_network_reference,PASS,
trip_000282_transfer_recomputed,PASS,
trip_000283_gps_schema,PASS,
trip_000283_gps_time_sequence,PASS,
trip_000283_gps_trip_id,PASS,
trip_000283_origin_destination,PASS,
trip_000283_timeline,PASS,
trip_000283_car_network_reference,PASS,
trip_000283_transfer_recomputed,PASS,
trip_000284_gps_schema,PASS,
trip_000284_gps_time_sequence,PASS,
trip_000284_gps_trip_id,PASS,
trip_000284_origin_destination,PASS,
trip_000284_timeline,PASS,
trip_000284_car_network_reference,PASS,
trip_000284_transfer_recomputed,PASS,
trip_000285_gps_schema,PASS,
trip_000285_gps_time_sequence,PASS,
trip_000285_gps_trip_id,PASS,
trip_000285_origin_destination,PASS,
trip_000285_timeline,PASS,
trip_000285_car_network_reference,PASS,
trip_000285_transfer_recomputed,PASS,
trip_000286_gps_schema,PASS,
trip_000286_gps_time_sequence,PASS,
trip_000286_gps_trip_id,PASS,
trip_000286_origin_destination,PASS,
trip_000286_timeline,PASS,
trip_000286_car_network_reference,PASS,
trip_000286_transfer_recomputed,PASS,
trip_000287_gps_schema,PASS,
trip_000287_gps_time_sequence,PASS,
trip_000287_gps_trip_id,PASS,
trip_000287_origin_destination,PASS,
trip_000287_timeline,PASS,
trip_000287_car_network_reference,PASS,
trip_000287_transfer_recomputed,PASS,
trip_000288_gps_schema,PASS,
trip_000288_gps_time_sequence,PASS,
trip_000288_gps_trip_id,PASS,
trip_000288_origin_destination,PASS,
trip_000288_timeline,PASS,
trip_000288_car_network_reference,PASS,
trip_000288_transfer_recomputed,PASS,
trip_000289_gps_schema,PASS,
trip_000289_gps_time_sequence,PASS,
trip_000289_gps_trip_id,PASS,
trip_000289_origin_destination,PASS,
trip_000289_timeline,PASS,
trip_000289_car_network_reference,PASS,
trip_000289_transfer_recomputed,PASS,
trip_000290_gps_schema,PASS,
trip_000290_gps_time_sequence,PASS,
trip_000290_gps_trip_id,PASS,
trip_000290_origin_destination,PASS,
trip_000290_timeline,PASS,
trip_000290_car_network_reference,PASS,
trip_000290_transfer_recomputed,PASS,
trip_000291_gps_schema,PASS,
trip_000291_gps_time_sequence,PASS,
trip_000291_gps_trip_id,PASS,
trip_000291_origin_destination,PASS,
trip_000291_timeline,PASS,
trip_000291_car_network_reference,PASS,
trip_000291_transfer_recomputed,PASS,
trip_000292_gps_schema,PASS,
trip_000292_gps_time_sequence,PASS,
trip_000292_gps_trip_id,PASS,
trip_000292_origin_destination,PASS,
trip_000292_timeline,PASS,
trip_000292_car_network_reference,PASS,
trip_000292_transfer_recomputed,PASS,
trip_000293_gps_schema,PASS,
trip_000293_gps_time_sequence,PASS,
trip_000293_gps_trip_id,PASS,
trip_000293_origin_destination,PASS,
trip_000293_timeline,PASS,
trip_000293_car_network_reference,PASS,
trip_000293_transfer_recomputed,PASS,
trip_000294_gps_schema,PASS,
trip_000294_gps_time_sequence,PASS,
trip_000294_gps_trip_id,PASS,
trip_000294_origin_destination,PASS,
trip_000294_timeline,PASS,
trip_000294_car_network_reference,PASS,
trip_000294_transfer_recomputed,PASS,
trip_000295_gps_schema,PASS,
trip_000295_gps_time_sequence,PASS,
trip_000295_gps_trip_id,PASS,
trip_000295_origin_destination,PASS,
trip_000295_timeline,PASS,
trip_000295_car_network_reference,PASS,
trip_000295_transfer_recomputed,PASS,
trip_000296_gps_schema,PASS,
trip_000296_gps_time_sequence,PASS,
trip_000296_gps_trip_id,PASS,
trip_000296_origin_destination,PASS,
trip_000296_timeline,PASS,
trip_000296_car_network_reference,PASS,
trip_000296_transfer_recomputed,PASS,
trip_000297_gps_schema,PASS,
trip_000297_gps_time_sequence,PASS,
trip_000297_gps_trip_id,PASS,
trip_000297_origin_destination,PASS,
trip_000297_timeline,PASS,
trip_000297_car_network_reference,PASS,
trip_000297_transfer_recomputed,PASS,
trip_000298_gps_schema,PASS,
trip_000298_gps_time_sequence,PASS,
trip_000298_gps_trip_id,PASS,
trip_000298_origin_destination,PASS,
trip_000298_timeline,PASS,
trip_000298_car_network_reference,PASS,
trip_000298_transfer_recomputed,PASS,
trip_000299_gps_schema,PASS,
trip_000299_gps_time_sequence,PASS,
trip_000299_gps_trip_id,PASS,
trip_000299_origin_destination,PASS,
trip_000299_timeline,PASS,
trip_000299_car_network_reference,PASS,
trip_000299_transfer_recomputed,PASS,
trip_000300_gps_schema,PASS,
trip_000300_gps_time_sequence,PASS,
trip_000300_gps_trip_id,PASS,
trip_000300_origin_destination,PASS,
trip_000300_timeline,PASS,
trip_000300_car_network_reference,PASS,
trip_000300_transfer_recomputed,PASS,
trip_000301_gps_schema,PASS,
trip_000301_gps_time_sequence,PASS,
trip_000301_gps_trip_id,PASS,
trip_000301_origin_destination,PASS,
trip_000301_timeline,PASS,
trip_000301_car_network_reference,PASS,
trip_000301_transfer_recomputed,PASS,
trip_000302_gps_schema,PASS,
trip_000302_gps_time_sequence,PASS,
trip_000302_gps_trip_id,PASS,
trip_000302_origin_destination,PASS,
trip_000302_timeline,PASS,
trip_000302_car_network_reference,PASS,
trip_000302_transfer_recomputed,PASS,
trip_000303_gps_schema,PASS,
trip_000303_gps_time_sequence,PASS,
trip_000303_gps_trip_id,PASS,
trip_000303_origin_destination,PASS,
trip_000303_timeline,PASS,
trip_000303_car_network_reference,PASS,
trip_000303_transfer_recomputed,PASS,
trip_000304_gps_schema,PASS,
trip_000304_gps_time_sequence,PASS,
trip_000304_gps_trip_id,PASS,
trip_000304_origin_destination,PASS,
trip_000304_timeline,PASS,
trip_000304_car_network_reference,PASS,
trip_000304_transfer_recomputed,PASS,
trip_000305_gps_schema,PASS,
trip_000305_gps_time_sequence,PASS,
trip_000305_gps_trip_id,PASS,
trip_000305_origin_destination,PASS,
trip_000305_timeline,PASS,
trip_000305_car_network_reference,PASS,
trip_000305_transfer_recomputed,PASS,
trip_000306_gps_schema,PASS,
trip_000306_gps_time_sequence,PASS,
trip_000306_gps_trip_id,PASS,
trip_000306_origin_destination,PASS,
trip_000306_timeline,PASS,
trip_000306_car_network_reference,PASS,
trip_000306_transfer_recomputed,PASS,
trip_000307_gps_schema,PASS,
trip_000307_gps_time_sequence,PASS,
trip_000307_gps_trip_id,PASS,
trip_000307_origin_destination,PASS,
trip_000307_timeline,PASS,
trip_000307_car_network_reference,PASS,
trip_000307_transfer_recomputed,PASS,
trip_000308_gps_schema,PASS,
trip_000308_gps_time_sequence,PASS,
trip_000308_gps_trip_id,PASS,
trip_000308_origin_destination,PASS,
trip_000308_timeline,PASS,
trip_000308_car_network_reference,PASS,
trip_000308_transfer_recomputed,PASS,
trip_000309_gps_schema,PASS,
trip_000309_gps_time_sequence,PASS,
trip_000309_gps_trip_id,PASS,
trip_000309_origin_destination,PASS,
trip_000309_timeline,PASS,
trip_000309_car_network_reference,PASS,
trip_000309_transfer_recomputed,PASS,
trip_000310_gps_schema,PASS,
trip_000310_gps_time_sequence,PASS,
trip_000310_gps_trip_id,PASS,
trip_000310_origin_destination,PASS,
trip_000310_timeline,PASS,
trip_000310_car_network_reference,PASS,
trip_000310_transfer_recomputed,PASS,
trip_000311_gps_schema,PASS,
trip_000311_gps_time_sequence,PASS,
trip_000311_gps_trip_id,PASS,
trip_000311_origin_destination,PASS,
trip_000311_timeline,PASS,
trip_000311_car_network_reference,PASS,
trip_000311_transfer_recomputed,PASS,
trip_000312_gps_schema,PASS,
trip_000312_gps_time_sequence,PASS,
trip_000312_gps_trip_id,PASS,
trip_000312_origin_destination,PASS,
trip_000312_timeline,PASS,
trip_000312_car_network_reference,PASS,
trip_000312_transfer_recomputed,PASS,
trip_000313_gps_schema,PASS,
trip_000313_gps_time_sequence,PASS,
trip_000313_gps_trip_id,PASS,
trip_000313_origin_destination,PASS,
trip_000313_timeline,PASS,
trip_000313_car_network_reference,PASS,
trip_000313_transfer_recomputed,PASS,
trip_000314_gps_schema,PASS,
trip_000314_gps_time_sequence,PASS,
trip_000314_gps_trip_id,PASS,
trip_000314_origin_destination,PASS,
trip_000314_timeline,PASS,
trip_000314_car_network_reference,PASS,
trip_000314_transfer_recomputed,PASS,
trip_000315_gps_schema,PASS,
trip_000315_gps_time_sequence,PASS,
trip_000315_gps_trip_id,PASS,
trip_000315_origin_destination,PASS,
trip_000315_timeline,PASS,
trip_000315_car_network_reference,PASS,
trip_000315_transfer_recomputed,PASS,
trip_000316_gps_schema,PASS,
trip_000316_gps_time_sequence,PASS,
trip_000316_gps_trip_id,PASS,
trip_000316_origin_destination,PASS,
trip_000316_timeline,PASS,
trip_000316_car_network_reference,PASS,
trip_000316_transfer_recomputed,PASS,
trip_000317_gps_schema,PASS,
trip_000317_gps_time_sequence,PASS,
trip_000317_gps_trip_id,PASS,
trip_000317_origin_destination,PASS,
trip_000317_timeline,PASS,
trip_000317_car_network_reference,PASS,
trip_000317_transfer_recomputed,PASS,
trip_000318_gps_schema,PASS,
trip_000318_gps_time_sequence,PASS,
trip_000318_gps_trip_id,PASS,
trip_000318_origin_destination,PASS,
trip_000318_timeline,PASS,
trip_000318_car_network_reference,PASS,
trip_000318_transfer_recomputed,PASS,
trip_000319_gps_schema,PASS,
trip_000319_gps_time_sequence,PASS,
trip_000319_gps_trip_id,PASS,
trip_000319_origin_destination,PASS,
trip_000319_timeline,PASS,
trip_000319_car_network_reference,PASS,
trip_000319_transfer_recomputed,PASS,
trip_000320_gps_schema,PASS,
trip_000320_gps_time_sequence,PASS,
trip_000320_gps_trip_id,PASS,
trip_000320_origin_destination,PASS,
trip_000320_timeline,PASS,
trip_000320_car_network_reference,PASS,
trip_000320_transfer_recomputed,PASS,
trip_000321_gps_schema,PASS,
trip_000321_gps_time_sequence,PASS,
trip_000321_gps_trip_id,PASS,
trip_000321_origin_destination,PASS,
trip_000321_timeline,PASS,
trip_000321_car_network_reference,PASS,
trip_000321_transfer_recomputed,PASS,
trip_000322_gps_schema,PASS,
trip_000322_gps_time_sequence,PASS,
trip_000322_gps_trip_id,PASS,
trip_000322_origin_destination,PASS,
trip_000322_timeline,PASS,
trip_000322_car_network_reference,PASS,
trip_000322_transfer_recomputed,PASS,
trip_000323_gps_schema,PASS,
trip_000323_gps_time_sequence,PASS,
trip_000323_gps_trip_id,PASS,
trip_000323_origin_destination,PASS,
trip_000323_timeline,PASS,
trip_000323_car_network_reference,PASS,
trip_000323_transfer_recomputed,PASS,
trip_000324_gps_schema,PASS,
trip_000324_gps_time_sequence,PASS,
trip_000324_gps_trip_id,PASS,
trip_000324_origin_destination,PASS,
trip_000324_timeline,PASS,
trip_000324_car_network_reference,PASS,
trip_000324_transfer_recomputed,PASS,
trip_000325_gps_schema,PASS,
trip_000325_gps_time_sequence,PASS,
trip_000325_gps_trip_id,PASS,
trip_000325_origin_destination,PASS,
trip_000325_timeline,PASS,
trip_000325_car_network_reference,PASS,
trip_000325_transfer_recomputed,PASS,
trip_000326_gps_schema,PASS,
trip_000326_gps_time_sequence,PASS,
trip_000326_gps_trip_id,PASS,
trip_000326_origin_destination,PASS,
trip_000326_timeline,PASS,
trip_000326_car_network_reference,PASS,
trip_000326_transfer_recomputed,PASS,
trip_000327_gps_schema,PASS,
trip_000327_gps_time_sequence,PASS,
trip_000327_gps_trip_id,PASS,
trip_000327_origin_destination,PASS,
trip_000327_timeline,PASS,
trip_000327_car_network_reference,PASS,
trip_000327_transfer_recomputed,PASS,
trip_000328_gps_schema,PASS,
trip_000328_gps_time_sequence,PASS,
trip_000328_gps_trip_id,PASS,
trip_000328_origin_destination,PASS,
trip_000328_timeline,PASS,
trip_000328_car_network_reference,PASS,
trip_000328_transfer_recomputed,PASS,
trip_000329_gps_schema,PASS,
trip_000329_gps_time_sequence,PASS,
trip_000329_gps_trip_id,PASS,
trip_000329_origin_destination,PASS,
trip_000329_timeline,PASS,
trip_000329_car_network_reference,PASS,
trip_000329_transfer_recomputed,PASS,
trip_000330_gps_schema,PASS,
trip_000330_gps_time_sequence,PASS,
trip_000330_gps_trip_id,PASS,
trip_000330_origin_destination,PASS,
trip_000330_timeline,PASS,
trip_000330_car_network_reference,PASS,
trip_000330_transfer_recomputed,PASS,
trip_000331_gps_schema,PASS,
trip_000331_gps_time_sequence,PASS,
trip_000331_gps_trip_id,PASS,
trip_000331_origin_destination,PASS,
trip_000331_timeline,PASS,
trip_000331_car_network_reference,PASS,
trip_000331_transfer_recomputed,PASS,
trip_000332_gps_schema,PASS,
trip_000332_gps_time_sequence,PASS,
trip_000332_gps_trip_id,PASS,
trip_000332_origin_destination,PASS,
trip_000332_timeline,PASS,
trip_000332_car_network_reference,PASS,
trip_000332_transfer_recomputed,PASS,
trip_000333_gps_schema,PASS,
trip_000333_gps_time_sequence,PASS,
trip_000333_gps_trip_id,PASS,
trip_000333_origin_destination,PASS,
trip_000333_timeline,PASS,
trip_000333_car_network_reference,PASS,
trip_000333_transfer_recomputed,PASS,
trip_000334_gps_schema,PASS,
trip_000334_gps_time_sequence,PASS,
trip_000334_gps_trip_id,PASS,
trip_000334_origin_destination,PASS,
trip_000334_timeline,PASS,
trip_000334_car_network_reference,PASS,
trip_000334_transfer_recomputed,PASS,
trip_000335_gps_schema,PASS,
trip_000335_gps_time_sequence,PASS,
trip_000335_gps_trip_id,PASS,
trip_000335_origin_destination,PASS,
trip_000335_timeline,PASS,
trip_000335_car_network_reference,PASS,
trip_000335_transfer_recomputed,PASS,
trip_000336_gps_schema,PASS,
trip_000336_gps_time_sequence,PASS,
trip_000336_gps_trip_id,PASS,
trip_000336_origin_destination,PASS,
trip_000336_timeline,PASS,
trip_000336_car_network_reference,PASS,
trip_000336_transfer_recomputed,PASS,
trip_000337_gps_schema,PASS,
trip_000337_gps_time_sequence,PASS,
trip_000337_gps_trip_id,PASS,
trip_000337_origin_destination,PASS,
trip_000337_timeline,PASS,
trip_000337_car_network_reference,PASS,
trip_000337_transfer_recomputed,PASS,
trip_000338_gps_schema,PASS,
trip_000338_gps_time_sequence,PASS,
trip_000338_gps_trip_id,PASS,
trip_000338_origin_destination,PASS,
trip_000338_timeline,PASS,
trip_000338_car_network_reference,PASS,
trip_000338_transfer_recomputed,PASS,
trip_000339_gps_schema,PASS,
trip_000339_gps_time_sequence,PASS,
trip_000339_gps_trip_id,PASS,
trip_000339_origin_destination,PASS,
trip_000339_timeline,PASS,
trip_000339_car_network_reference,PASS,
trip_000339_transfer_recomputed,PASS,
trip_000340_gps_schema,PASS,
trip_000340_gps_time_sequence,PASS,
trip_000340_gps_trip_id,PASS,
trip_000340_origin_destination,PASS,
trip_000340_timeline,PASS,
trip_000340_car_network_reference,PASS,
trip_000340_transfer_recomputed,PASS,
trip_000341_gps_schema,PASS,
trip_000341_gps_time_sequence,PASS,
trip_000341_gps_trip_id,PASS,
trip_000341_origin_destination,PASS,
trip_000341_timeline,PASS,
trip_000341_bus_external_sequence_100100318,PASS,
trip_000341_bus_geometry_reconstruction,PASS,
trip_000341_transfer_recomputed,PASS,
trip_000342_gps_schema,PASS,
trip_000342_gps_time_sequence,PASS,
trip_000342_gps_trip_id,PASS,
trip_000342_origin_destination,PASS,
trip_000342_timeline,PASS,
trip_000342_bus_external_sequence_109900007,PASS,
trip_000342_bus_geometry_reconstruction,PASS,
trip_000342_transfer_recomputed,PASS,
trip_000343_gps_schema,PASS,
trip_000343_gps_time_sequence,PASS,
trip_000343_gps_trip_id,PASS,
trip_000343_origin_destination,PASS,
trip_000343_timeline,PASS,
trip_000343_bus_external_sequence_100100415,PASS,
trip_000343_bus_geometry_reconstruction,PASS,
trip_000343_transfer_recomputed,PASS,
trip_000344_gps_schema,PASS,
trip_000344_gps_time_sequence,PASS,
trip_000344_gps_trip_id,PASS,
trip_000344_origin_destination,PASS,
trip_000344_timeline,PASS,
trip_000344_bus_external_sequence_100100063,PASS,
trip_000344_bus_geometry_reconstruction,PASS,
trip_000344_transfer_recomputed,PASS,
trip_000345_gps_schema,PASS,
trip_000345_gps_time_sequence,PASS,
trip_000345_gps_trip_id,PASS,
trip_000345_origin_destination,PASS,
trip_000345_timeline,PASS,
trip_000345_bus_external_sequence_107900010,PASS,
trip_000345_bus_geometry_reconstruction,PASS,
trip_000345_transfer_recomputed,PASS,
trip_000346_gps_schema,PASS,
trip_000346_gps_time_sequence,PASS,
trip_000346_gps_trip_id,PASS,
trip_000346_origin_destination,PASS,
trip_000346_timeline,PASS,
trip_000346_bus_external_sequence_100100297,PASS,
trip_000346_bus_geometry_reconstruction,PASS,
trip_000346_transfer_recomputed,PASS,
trip_000347_gps_schema,PASS,
trip_000347_gps_time_sequence,PASS,
trip_000347_gps_trip_id,PASS,
trip_000347_origin_destination,PASS,
trip_000347_timeline,PASS,
trip_000347_bus_external_sequence_117900007,PASS,
trip_000347_bus_geometry_reconstruction,PASS,
trip_000347_transfer_recomputed,PASS,
trip_000348_gps_schema,PASS,
trip_000348_gps_time_sequence,PASS,
trip_000348_gps_trip_id,PASS,
trip_000348_origin_destination,PASS,
trip_000348_timeline,PASS,
trip_000348_bus_external_sequence_111900012,PASS,
trip_000348_bus_geometry_reconstruction,PASS,
trip_000348_transfer_recomputed,PASS,
trip_000349_gps_schema,PASS,
trip_000349_gps_time_sequence,PASS,
trip_000349_gps_trip_id,PASS,
trip_000349_origin_destination,PASS,
trip_000349_timeline,PASS,
trip_000349_bus_external_sequence_103000005,PASS,
trip_000349_bus_geometry_reconstruction,PASS,
trip_000349_transfer_recomputed,PASS,
trip_000350_gps_schema,PASS,
trip_000350_gps_time_sequence,PASS,
trip_000350_gps_trip_id,PASS,
trip_000350_origin_destination,PASS,
trip_000350_timeline,PASS,
trip_000350_bus_external_sequence_100100613,PASS,
trip_000350_bus_geometry_reconstruction,PASS,
trip_000350_transfer_recomputed,PASS,
trip_000351_gps_schema,PASS,
trip_000351_gps_time_sequence,PASS,
trip_000351_gps_trip_id,PASS,
trip_000351_origin_destination,PASS,
trip_000351_timeline,PASS,
trip_000351_bus_external_sequence_100000020,PASS,
trip_000351_bus_geometry_reconstruction,PASS,
trip_000351_transfer_recomputed,PASS,
trip_000352_gps_schema,PASS,
trip_000352_gps_time_sequence,PASS,
trip_000352_gps_trip_id,PASS,
trip_000352_origin_destination,PASS,
trip_000352_timeline,PASS,
trip_000352_bus_external_sequence_116900001,PASS,
trip_000352_bus_geometry_reconstruction,PASS,
trip_000352_transfer_recomputed,PASS,
trip_000353_gps_schema,PASS,
trip_000353_gps_time_sequence,PASS,
trip_000353_gps_trip_id,PASS,
trip_000353_origin_destination,PASS,
trip_000353_timeline,PASS,
trip_000353_bus_external_sequence_111000028,PASS,
trip_000353_bus_geometry_reconstruction,PASS,
trip_000353_transfer_recomputed,PASS,
trip_000354_gps_schema,PASS,
trip_000354_gps_time_sequence,PASS,
trip_000354_gps_trip_id,PASS,
trip_000354_origin_destination,PASS,
trip_000354_timeline,PASS,
trip_000354_bus_external_sequence_107900013,PASS,
trip_000354_bus_geometry_reconstruction,PASS,
trip_000354_transfer_recomputed,PASS,
trip_000355_gps_schema,PASS,
trip_000355_gps_time_sequence,PASS,
trip_000355_gps_trip_id,PASS,
trip_000355_origin_destination,PASS,
trip_000355_timeline,PASS,
trip_000355_bus_external_sequence_100100418,PASS,
trip_000355_bus_geometry_reconstruction,PASS,
trip_000355_transfer_recomputed,PASS,
trip_000356_gps_schema,PASS,
trip_000356_gps_time_sequence,PASS,
trip_000356_gps_trip_id,PASS,
trip_000356_origin_destination,PASS,
trip_000356_timeline,PASS,
trip_000356_bus_external_sequence_100100295,PASS,
trip_000356_bus_geometry_reconstruction,PASS,
trip_000356_transfer_recomputed,PASS,
trip_000357_gps_schema,PASS,
trip_000357_gps_time_sequence,PASS,
trip_000357_gps_trip_id,PASS,
trip_000357_origin_destination,PASS,
trip_000357_timeline,PASS,
trip_000357_bus_external_sequence_100100607,PASS,
trip_000357_bus_geometry_reconstruction,PASS,
trip_000357_transfer_recomputed,PASS,
trip_000358_gps_schema,PASS,
trip_000358_gps_time_sequence,PASS,
trip_000358_gps_trip_id,PASS,
trip_000358_origin_destination,PASS,
trip_000358_timeline,PASS,
trip_000358_bus_external_sequence_113900014,PASS,
trip_000358_bus_geometry_reconstruction,PASS,
trip_000358_transfer_recomputed,PASS,
trip_000359_gps_schema,PASS,
trip_000359_gps_time_sequence,PASS,
trip_000359_gps_trip_id,PASS,
trip_000359_origin_destination,PASS,
trip_000359_timeline,PASS,
trip_000359_bus_external_sequence_100900009,PASS,
trip_000359_bus_geometry_reconstruction,PASS,
trip_000359_transfer_recomputed,PASS,
trip_000360_gps_schema,PASS,
trip_000360_gps_time_sequence,PASS,
trip_000360_gps_trip_id,PASS,
trip_000360_origin_destination,PASS,
trip_000360_timeline,PASS,
trip_000360_bus_external_sequence_100100248,PASS,
trip_000360_bus_geometry_reconstruction,PASS,
trip_000360_transfer_recomputed,PASS,
trip_000361_gps_schema,PASS,
trip_000361_gps_time_sequence,PASS,
trip_000361_gps_trip_id,PASS,
trip_000361_origin_destination,PASS,
trip_000361_timeline,PASS,
trip_000361_bus_external_sequence_112900007,PASS,
trip_000361_bus_geometry_reconstruction,PASS,
trip_000361_transfer_recomputed,PASS,
trip_000362_gps_schema,PASS,
trip_000362_gps_time_sequence,PASS,
trip_000362_gps_trip_id,PASS,
trip_000362_origin_destination,PASS,
trip_000362_timeline,PASS,
trip_000362_bus_external_sequence_100100564,PASS,
trip_000362_bus_geometry_reconstruction,PASS,
trip_000362_transfer_recomputed,PASS,
trip_000363_gps_schema,PASS,
trip_000363_gps_time_sequence,PASS,
trip_000363_gps_trip_id,PASS,
trip_000363_origin_destination,PASS,
trip_000363_timeline,PASS,
trip_000363_bus_external_sequence_119900021,PASS,
trip_000363_bus_geometry_reconstruction,PASS,
trip_000363_transfer_recomputed,PASS,
trip_000364_gps_schema,PASS,
trip_000364_gps_time_sequence,PASS,
trip_000364_gps_trip_id,PASS,
trip_000364_origin_destination,PASS,
trip_000364_timeline,PASS,
trip_000364_bus_external_sequence_100000028,PASS,
trip_000364_bus_geometry_reconstruction,PASS,
trip_000364_transfer_recomputed,PASS,
trip_000365_gps_schema,PASS,
trip_000365_gps_time_sequence,PASS,
trip_000365_gps_trip_id,PASS,
trip_000365_origin_destination,PASS,
trip_000365_timeline,PASS,
trip_000365_bus_external_sequence_100100533,PASS,
trip_000365_bus_geometry_reconstruction,PASS,
trip_000365_transfer_recomputed,PASS,
trip_000366_gps_schema,PASS,
trip_000366_gps_time_sequence,PASS,
trip_000366_gps_trip_id,PASS,
trip_000366_origin_destination,PASS,
trip_000366_timeline,PASS,
trip_000366_bus_external_sequence_100100144,PASS,
trip_000366_bus_geometry_reconstruction,PASS,
trip_000366_transfer_recomputed,PASS,
trip_000367_gps_schema,PASS,
trip_000367_gps_time_sequence,PASS,
trip_000367_gps_trip_id,PASS,
trip_000367_origin_destination,PASS,
trip_000367_timeline,PASS,
trip_000367_bus_external_sequence_113900011,PASS,
trip_000367_bus_geometry_reconstruction,PASS,
trip_000367_transfer_recomputed,PASS,
trip_000368_gps_schema,PASS,
trip_000368_gps_time_sequence,PASS,
trip_000368_gps_trip_id,PASS,
trip_000368_origin_destination,PASS,
trip_000368_timeline,PASS,
trip_000368_bus_external_sequence_105900003,PASS,
trip_000368_bus_geometry_reconstruction,PASS,
trip_000368_transfer_recomputed,PASS,
trip_000369_gps_schema,PASS,
trip_000369_gps_time_sequence,PASS,
trip_000369_gps_trip_id,PASS,
trip_000369_origin_destination,PASS,
trip_000369_timeline,PASS,
trip_000369_bus_external_sequence_116900013,PASS,
trip_000369_bus_geometry_reconstruction,PASS,
trip_000369_transfer_recomputed,PASS,
trip_000370_gps_schema,PASS,
trip_000370_gps_time_sequence,PASS,
trip_000370_gps_trip_id,PASS,
trip_000370_origin_destination,PASS,
trip_000370_timeline,PASS,
trip_000370_bus_external_sequence_105900005,PASS,
trip_000370_bus_geometry_reconstruction,PASS,
trip_000370_transfer_recomputed,PASS,
trip_000371_gps_schema,PASS,
trip_000371_gps_time_sequence,PASS,
trip_000371_gps_trip_id,PASS,
trip_000371_origin_destination,PASS,
trip_000371_timeline,PASS,
trip_000371_bus_external_sequence_124000016,PASS,
trip_000371_bus_geometry_reconstruction,PASS,
trip_000371_transfer_recomputed,PASS,
trip_000372_gps_schema,PASS,
trip_000372_gps_time_sequence,PASS,
trip_000372_gps_trip_id,PASS,
trip_000372_origin_destination,PASS,
trip_000372_timeline,PASS,
trip_000372_bus_external_sequence_112900011,PASS,
trip_000372_bus_geometry_reconstruction,PASS,
trip_000372_transfer_recomputed,PASS,
trip_000373_gps_schema,PASS,
trip_000373_gps_time_sequence,PASS,
trip_000373_gps_trip_id,PASS,
trip_000373_origin_destination,PASS,
trip_000373_timeline,PASS,
trip_000373_bus_external_sequence_100100303,PASS,
trip_000373_bus_geometry_reconstruction,PASS,
trip_000373_transfer_recomputed,PASS,
trip_000374_gps_schema,PASS,
trip_000374_gps_time_sequence,PASS,
trip_000374_gps_trip_id,PASS,
trip_000374_origin_destination,PASS,
trip_000374_timeline,PASS,
trip_000374_bus_external_sequence_118900002,PASS,
trip_000374_bus_geometry_reconstruction,PASS,
trip_000374_transfer_recomputed,PASS,
trip_000375_gps_schema,PASS,
trip_000375_gps_time_sequence,PASS,
trip_000375_gps_trip_id,PASS,
trip_000375_origin_destination,PASS,
trip_000375_timeline,PASS,
trip_000375_bus_external_sequence_100100151,PASS,
trip_000375_bus_geometry_reconstruction,PASS,
trip_000375_transfer_recomputed,PASS,
trip_000376_gps_schema,PASS,
trip_000376_gps_time_sequence,PASS,
trip_000376_gps_trip_id,PASS,
trip_000376_origin_destination,PASS,
trip_000376_timeline,PASS,
trip_000376_bus_external_sequence_103900011,PASS,
trip_000376_bus_geometry_reconstruction,PASS,
trip_000376_transfer_recomputed,PASS,
trip_000377_gps_schema,PASS,
trip_000377_gps_time_sequence,PASS,
trip_000377_gps_trip_id,PASS,
trip_000377_origin_destination,PASS,
trip_000377_timeline,PASS,
trip_000377_bus_external_sequence_106000007,PASS,
trip_000377_bus_geometry_reconstruction,PASS,
trip_000377_transfer_recomputed,PASS,
trip_000378_gps_schema,PASS,
trip_000378_gps_time_sequence,PASS,
trip_000378_gps_trip_id,PASS,
trip_000378_origin_destination,PASS,
trip_000378_timeline,PASS,
trip_000378_bus_external_sequence_115000005,PASS,
trip_000378_bus_geometry_reconstruction,PASS,
trip_000378_transfer_recomputed,PASS,
trip_000379_gps_schema,PASS,
trip_000379_gps_time_sequence,PASS,
trip_000379_gps_trip_id,PASS,
trip_000379_origin_destination,PASS,
trip_000379_timeline,PASS,
trip_000379_bus_external_sequence_108900007,PASS,
trip_000379_bus_geometry_reconstruction,PASS,
trip_000379_transfer_recomputed,PASS,
trip_000380_gps_schema,PASS,
trip_000380_gps_time_sequence,PASS,
trip_000380_gps_trip_id,PASS,
trip_000380_origin_destination,PASS,
trip_000380_timeline,PASS,
trip_000380_bus_external_sequence_109900006,PASS,
trip_000380_bus_geometry_reconstruction,PASS,
trip_000380_transfer_recomputed,PASS,
trip_000381_gps_schema,PASS,
trip_000381_gps_time_sequence,PASS,
trip_000381_gps_trip_id,PASS,
trip_000381_origin_destination,PASS,
trip_000381_timeline,PASS,
trip_000381_bus_external_sequence_100100360,PASS,
trip_000381_bus_geometry_reconstruction,PASS,
trip_000381_transfer_recomputed,PASS,
trip_000382_gps_schema,PASS,
trip_000382_gps_time_sequence,PASS,
trip_000382_gps_trip_id,PASS,
trip_000382_origin_destination,PASS,
trip_000382_timeline,PASS,
trip_000382_bus_external_sequence_100100602,PASS,
trip_000382_bus_geometry_reconstruction,PASS,
trip_000382_transfer_recomputed,PASS,
trip_000383_gps_schema,PASS,
trip_000383_gps_time_sequence,PASS,
trip_000383_gps_trip_id,PASS,
trip_000383_origin_destination,PASS,
trip_000383_timeline,PASS,
trip_000383_bus_external_sequence_100100294,PASS,
trip_000383_bus_geometry_reconstruction,PASS,
trip_000383_transfer_recomputed,PASS,
trip_000384_gps_schema,PASS,
trip_000384_gps_time_sequence,PASS,
trip_000384_gps_trip_id,PASS,
trip_000384_origin_destination,PASS,
trip_000384_timeline,PASS,
trip_000384_bus_external_sequence_111000023,PASS,
trip_000384_bus_geometry_reconstruction,PASS,
trip_000384_transfer_recomputed,PASS,
trip_000385_gps_schema,PASS,
trip_000385_gps_time_sequence,PASS,
trip_000385_gps_trip_id,PASS,
trip_000385_origin_destination,PASS,
trip_000385_timeline,PASS,
trip_000385_bus_external_sequence_122900008,PASS,
trip_000385_bus_geometry_reconstruction,PASS,
trip_000385_transfer_recomputed,PASS,
trip_000386_gps_schema,PASS,
trip_000386_gps_time_sequence,PASS,
trip_000386_gps_trip_id,PASS,
trip_000386_origin_destination,PASS,
trip_000386_timeline,PASS,
trip_000386_bus_external_sequence_102900003,PASS,
trip_000386_bus_geometry_reconstruction,PASS,
trip_000386_transfer_recomputed,PASS,
trip_000387_gps_schema,PASS,
trip_000387_gps_time_sequence,PASS,
trip_000387_gps_trip_id,PASS,
trip_000387_origin_destination,PASS,
trip_000387_timeline,PASS,
trip_000387_bus_external_sequence_113900005,PASS,
trip_000387_bus_geometry_reconstruction,PASS,
trip_000387_transfer_recomputed,PASS,
trip_000388_gps_schema,PASS,
trip_000388_gps_time_sequence,PASS,
trip_000388_gps_trip_id,PASS,
trip_000388_origin_destination,PASS,
trip_000388_timeline,PASS,
trip_000388_bus_external_sequence_108900006,PASS,
trip_000388_bus_geometry_reconstruction,PASS,
trip_000388_transfer_recomputed,PASS,
trip_000389_gps_schema,PASS,
trip_000389_gps_time_sequence,PASS,
trip_000389_gps_trip_id,PASS,
trip_000389_origin_destination,PASS,
trip_000389_timeline,PASS,
trip_000389_bus_external_sequence_100100274,PASS,
trip_000389_bus_geometry_reconstruction,PASS,
trip_000389_transfer_recomputed,PASS,
trip_000390_gps_schema,PASS,
trip_000390_gps_time_sequence,PASS,
trip_000390_gps_trip_id,PASS,
trip_000390_origin_destination,PASS,
trip_000390_timeline,PASS,
trip_000390_bus_external_sequence_107000001,PASS,
trip_000390_bus_geometry_reconstruction,PASS,
trip_000390_transfer_recomputed,PASS,
trip_000391_gps_schema,PASS,
trip_000391_gps_time_sequence,PASS,
trip_000391_gps_trip_id,PASS,
trip_000391_origin_destination,PASS,
trip_000391_timeline,PASS,
trip_000391_bus_external_sequence_115900005,PASS,
trip_000391_bus_geometry_reconstruction,PASS,
trip_000391_transfer_recomputed,PASS,
trip_000392_gps_schema,PASS,
trip_000392_gps_time_sequence,PASS,
trip_000392_gps_trip_id,PASS,
trip_000392_origin_destination,PASS,
trip_000392_timeline,PASS,
trip_000392_bus_external_sequence_100100094,PASS,
trip_000392_bus_geometry_reconstruction,PASS,
trip_000392_transfer_recomputed,PASS,
trip_000393_gps_schema,PASS,
trip_000393_gps_time_sequence,PASS,
trip_000393_gps_trip_id,PASS,
trip_000393_origin_destination,PASS,
trip_000393_timeline,PASS,
trip_000393_bus_external_sequence_116900002,PASS,
trip_000393_bus_geometry_reconstruction,PASS,
trip_000393_transfer_recomputed,PASS,
trip_000394_gps_schema,PASS,
trip_000394_gps_time_sequence,PASS,
trip_000394_gps_trip_id,PASS,
trip_000394_origin_destination,PASS,
trip_000394_timeline,PASS,
trip_000394_bus_external_sequence_107900015,PASS,
trip_000394_bus_geometry_reconstruction,PASS,
trip_000394_transfer_recomputed,PASS,
trip_000395_gps_schema,PASS,
trip_000395_gps_time_sequence,PASS,
trip_000395_gps_trip_id,PASS,
trip_000395_origin_destination,PASS,
trip_000395_timeline,PASS,
trip_000395_bus_external_sequence_100000026,PASS,
trip_000395_bus_geometry_reconstruction,PASS,
trip_000395_transfer_recomputed,PASS,
trip_000396_gps_schema,PASS,
trip_000396_gps_time_sequence,PASS,
trip_000396_gps_trip_id,PASS,
trip_000396_origin_destination,PASS,
trip_000396_timeline,PASS,
trip_000396_bus_external_sequence_116900017,PASS,
trip_000396_bus_geometry_reconstruction,PASS,
trip_000396_transfer_recomputed,PASS,
trip_000397_gps_schema,PASS,
trip_000397_gps_time_sequence,PASS,
trip_000397_gps_trip_id,PASS,
trip_000397_origin_destination,PASS,
trip_000397_timeline,PASS,
trip_000397_bus_external_sequence_100000026,PASS,
trip_000397_bus_geometry_reconstruction,PASS,
trip_000397_transfer_recomputed,PASS,
trip_000398_gps_schema,PASS,
trip_000398_gps_time_sequence,PASS,
trip_000398_gps_trip_id,PASS,
trip_000398_origin_destination,PASS,
trip_000398_timeline,PASS,
trip_000398_bus_external_sequence_100100064,PASS,
trip_000398_bus_geometry_reconstruction,PASS,
trip_000398_transfer_recomputed,PASS,
trip_000399_gps_schema,PASS,
trip_000399_gps_time_sequence,PASS,
trip_000399_gps_trip_id,PASS,
trip_000399_origin_destination,PASS,
trip_000399_timeline,PASS,
trip_000399_bus_external_sequence_103900011,PASS,
trip_000399_bus_geometry_reconstruction,PASS,
trip_000399_transfer_recomputed,PASS,
trip_000400_gps_schema,PASS,
trip_000400_gps_time_sequence,PASS,
trip_000400_gps_trip_id,PASS,
trip_000400_origin_destination,PASS,
trip_000400_timeline,PASS,
trip_000400_bus_external_sequence_101000006,PASS,
trip_000400_bus_geometry_reconstruction,PASS,
trip_000400_transfer_recomputed,PASS,
trip_000401_gps_schema,PASS,
trip_000401_gps_time_sequence,PASS,
trip_000401_gps_trip_id,PASS,
trip_000401_origin_destination,PASS,
trip_000401_timeline,PASS,
trip_000401_bus_external_sequence_100100268,PASS,
trip_000401_bus_geometry_reconstruction,PASS,
trip_000401_transfer_recomputed,PASS,
trip_000402_gps_schema,PASS,
trip_000402_gps_time_sequence,PASS,
trip_000402_gps_trip_id,PASS,
trip_000402_origin_destination,PASS,
trip_000402_timeline,PASS,
trip_000402_bus_external_sequence_100100446,PASS,
trip_000402_bus_geometry_reconstruction,PASS,
trip_000402_transfer_recomputed,PASS,
trip_000403_gps_schema,PASS,
trip_000403_gps_time_sequence,PASS,
trip_000403_gps_trip_id,PASS,
trip_000403_origin_destination,PASS,
trip_000403_timeline,PASS,
trip_000403_bus_external_sequence_100100495,PASS,
trip_000403_bus_geometry_reconstruction,PASS,
trip_000403_transfer_recomputed,PASS,
trip_000404_gps_schema,PASS,
trip_000404_gps_time_sequence,PASS,
trip_000404_gps_trip_id,PASS,
trip_000404_origin_destination,PASS,
trip_000404_timeline,PASS,
trip_000404_bus_external_sequence_100100211,PASS,
trip_000404_bus_geometry_reconstruction,PASS,
trip_000404_transfer_recomputed,PASS,
trip_000405_gps_schema,PASS,
trip_000405_gps_time_sequence,PASS,
trip_000405_gps_trip_id,PASS,
trip_000405_origin_destination,PASS,
trip_000405_timeline,PASS,
trip_000405_bus_external_sequence_111000025,PASS,
trip_000405_bus_geometry_reconstruction,PASS,
trip_000405_transfer_recomputed,PASS,
trip_000406_gps_schema,PASS,
trip_000406_gps_time_sequence,PASS,
trip_000406_gps_trip_id,PASS,
trip_000406_origin_destination,PASS,
trip_000406_timeline,PASS,
trip_000406_bus_external_sequence_100100055,PASS,
trip_000406_bus_geometry_reconstruction,PASS,
trip_000406_transfer_recomputed,PASS,
trip_000407_gps_schema,PASS,
trip_000407_gps_time_sequence,PASS,
trip_000407_gps_trip_id,PASS,
trip_000407_origin_destination,PASS,
trip_000407_timeline,PASS,
trip_000407_bus_external_sequence_100100087,PASS,
trip_000407_bus_geometry_reconstruction,PASS,
trip_000407_transfer_recomputed,PASS,
trip_000408_gps_schema,PASS,
trip_000408_gps_time_sequence,PASS,
trip_000408_gps_trip_id,PASS,
trip_000408_origin_destination,PASS,
trip_000408_timeline,PASS,
trip_000408_bus_external_sequence_100100597,PASS,
trip_000408_bus_geometry_reconstruction,PASS,
trip_000408_transfer_recomputed,PASS,
trip_000409_gps_schema,PASS,
trip_000409_gps_time_sequence,PASS,
trip_000409_gps_trip_id,PASS,
trip_000409_origin_destination,PASS,
trip_000409_timeline,PASS,
trip_000409_bus_external_sequence_100100316,PASS,
trip_000409_bus_geometry_reconstruction,PASS,
trip_000409_transfer_recomputed,PASS,
trip_000410_gps_schema,PASS,
trip_000410_gps_time_sequence,PASS,
trip_000410_gps_trip_id,PASS,
trip_000410_origin_destination,PASS,
trip_000410_timeline,PASS,
trip_000410_bus_external_sequence_113000006,PASS,
trip_000410_bus_geometry_reconstruction,PASS,
trip_000410_transfer_recomputed,PASS,
trip_000411_gps_schema,PASS,
trip_000411_gps_time_sequence,PASS,
trip_000411_gps_trip_id,PASS,
trip_000411_origin_destination,PASS,
trip_000411_timeline,PASS,
trip_000411_bus_external_sequence_107900004,PASS,
trip_000411_bus_geometry_reconstruction,PASS,
trip_000411_transfer_recomputed,PASS,
trip_000412_gps_schema,PASS,
trip_000412_gps_time_sequence,PASS,
trip_000412_gps_trip_id,PASS,
trip_000412_origin_destination,PASS,
trip_000412_timeline,PASS,
trip_000412_bus_external_sequence_100100006,PASS,
trip_000412_bus_geometry_reconstruction,PASS,
trip_000412_transfer_recomputed,PASS,
trip_000413_gps_schema,PASS,
trip_000413_gps_time_sequence,PASS,
trip_000413_gps_trip_id,PASS,
trip_000413_origin_destination,PASS,
trip_000413_timeline,PASS,
trip_000413_bus_external_sequence_100100219,PASS,
trip_000413_bus_geometry_reconstruction,PASS,
trip_000413_transfer_recomputed,PASS,
trip_000414_gps_schema,PASS,
trip_000414_gps_time_sequence,PASS,
trip_000414_gps_trip_id,PASS,
trip_000414_origin_destination,PASS,
trip_000414_timeline,PASS,
trip_000414_bus_external_sequence_117900006,PASS,
trip_000414_bus_geometry_reconstruction,PASS,
trip_000414_transfer_recomputed,PASS,
trip_000415_gps_schema,PASS,
trip_000415_gps_time_sequence,PASS,
trip_000415_gps_trip_id,PASS,
trip_000415_origin_destination,PASS,
trip_000415_timeline,PASS,
trip_000415_bus_external_sequence_111900003,PASS,
trip_000415_bus_geometry_reconstruction,PASS,
trip_000415_transfer_recomputed,PASS,
trip_000416_gps_schema,PASS,
trip_000416_gps_time_sequence,PASS,
trip_000416_gps_trip_id,PASS,
trip_000416_origin_destination,PASS,
trip_000416_timeline,PASS,
trip_000416_bus_external_sequence_100100149,PASS,
trip_000416_bus_geometry_reconstruction,PASS,
trip_000416_transfer_recomputed,PASS,
trip_000417_gps_schema,PASS,
trip_000417_gps_time_sequence,PASS,
trip_000417_gps_trip_id,PASS,
trip_000417_origin_destination,PASS,
trip_000417_timeline,PASS,
trip_000417_bus_external_sequence_100100537,PASS,
trip_000417_bus_geometry_reconstruction,PASS,
trip_000417_transfer_recomputed,PASS,
trip_000418_gps_schema,PASS,
trip_000418_gps_time_sequence,PASS,
trip_000418_gps_trip_id,PASS,
trip_000418_origin_destination,PASS,
trip_000418_timeline,PASS,
trip_000418_bus_external_sequence_100100130,PASS,
trip_000418_bus_geometry_reconstruction,PASS,
trip_000418_transfer_recomputed,PASS,
trip_000419_gps_schema,PASS,
trip_000419_gps_time_sequence,PASS,
trip_000419_gps_trip_id,PASS,
trip_000419_origin_destination,PASS,
trip_000419_timeline,PASS,
trip_000419_bus_external_sequence_119900003,PASS,
trip_000419_bus_geometry_reconstruction,PASS,
trip_000419_transfer_recomputed,PASS,
trip_000420_gps_schema,PASS,
trip_000420_gps_time_sequence,PASS,
trip_000420_gps_trip_id,PASS,
trip_000420_origin_destination,PASS,
trip_000420_timeline,PASS,
trip_000420_bus_external_sequence_100100153,PASS,
trip_000420_bus_geometry_reconstruction,PASS,
trip_000420_transfer_recomputed,PASS,
trip_000421_gps_schema,PASS,
trip_000421_gps_time_sequence,PASS,
trip_000421_gps_trip_id,PASS,
trip_000421_origin_destination,PASS,
trip_000421_timeline,PASS,
trip_000421_bus_external_sequence_110900006,PASS,
trip_000421_bus_geometry_reconstruction,PASS,
trip_000421_transfer_recomputed,PASS,
trip_000422_gps_schema,PASS,
trip_000422_gps_time_sequence,PASS,
trip_000422_gps_trip_id,PASS,
trip_000422_origin_destination,PASS,
trip_000422_timeline,PASS,
trip_000422_bus_external_sequence_119900019,PASS,
trip_000422_bus_geometry_reconstruction,PASS,
trip_000422_transfer_recomputed,PASS,
trip_000423_gps_schema,PASS,
trip_000423_gps_time_sequence,PASS,
trip_000423_gps_trip_id,PASS,
trip_000423_origin_destination,PASS,
trip_000423_timeline,PASS,
trip_000423_bus_external_sequence_100100292,PASS,
trip_000423_bus_geometry_reconstruction,PASS,
trip_000423_transfer_recomputed,PASS,
trip_000424_gps_schema,PASS,
trip_000424_gps_time_sequence,PASS,
trip_000424_gps_trip_id,PASS,
trip_000424_origin_destination,PASS,
trip_000424_timeline,PASS,
trip_000424_bus_external_sequence_100100194,PASS,
trip_000424_bus_geometry_reconstruction,PASS,
trip_000424_transfer_recomputed,PASS,
trip_000425_gps_schema,PASS,
trip_000425_gps_time_sequence,PASS,
trip_000425_gps_trip_id,PASS,
trip_000425_origin_destination,PASS,
trip_000425_timeline,PASS,
trip_000425_bus_external_sequence_100100139,PASS,
trip_000425_bus_geometry_reconstruction,PASS,
trip_000425_transfer_recomputed,PASS,
trip_000426_gps_schema,PASS,
trip_000426_gps_time_sequence,PASS,
trip_000426_gps_trip_id,PASS,
trip_000426_origin_destination,PASS,
trip_000426_timeline,PASS,
trip_000426_bus_external_sequence_100100051,PASS,
trip_000426_bus_geometry_reconstruction,PASS,
trip_000426_transfer_recomputed,PASS,
trip_000427_gps_schema,PASS,
trip_000427_gps_time_sequence,PASS,
trip_000427_gps_trip_id,PASS,
trip_000427_origin_destination,PASS,
trip_000427_timeline,PASS,
trip_000427_bus_external_sequence_100100447,PASS,
trip_000427_bus_geometry_reconstruction,PASS,
trip_000427_transfer_recomputed,PASS,
trip_000428_gps_schema,PASS,
trip_000428_gps_time_sequence,PASS,
trip_000428_gps_trip_id,PASS,
trip_000428_origin_destination,PASS,
trip_000428_timeline,PASS,
trip_000428_bus_external_sequence_100100341,PASS,
trip_000428_bus_geometry_reconstruction,PASS,
trip_000428_transfer_recomputed,PASS,
trip_000429_gps_schema,PASS,
trip_000429_gps_time_sequence,PASS,
trip_000429_gps_trip_id,PASS,
trip_000429_origin_destination,PASS,
trip_000429_timeline,PASS,
trip_000429_bus_external_sequence_100100112,PASS,
trip_000429_bus_geometry_reconstruction,PASS,
trip_000429_transfer_recomputed,PASS,
trip_000430_gps_schema,PASS,
trip_000430_gps_time_sequence,PASS,
trip_000430_gps_trip_id,PASS,
trip_000430_origin_destination,PASS,
trip_000430_timeline,PASS,
trip_000430_bus_external_sequence_100100006,PASS,
trip_000430_bus_geometry_reconstruction,PASS,
trip_000430_transfer_recomputed,PASS,
trip_000431_gps_schema,PASS,
trip_000431_gps_time_sequence,PASS,
trip_000431_gps_trip_id,PASS,
trip_000431_origin_destination,PASS,
trip_000431_timeline,PASS,
trip_000431_bus_external_sequence_100100042,PASS,
trip_000431_bus_geometry_reconstruction,PASS,
trip_000431_transfer_recomputed,PASS,
trip_000432_gps_schema,PASS,
trip_000432_gps_time_sequence,PASS,
trip_000432_gps_trip_id,PASS,
trip_000432_origin_destination,PASS,
trip_000432_timeline,PASS,
trip_000432_bus_external_sequence_107900005,PASS,
trip_000432_bus_geometry_reconstruction,PASS,
trip_000432_transfer_recomputed,PASS,
trip_000433_gps_schema,PASS,
trip_000433_gps_time_sequence,PASS,
trip_000433_gps_trip_id,PASS,
trip_000433_origin_destination,PASS,
trip_000433_timeline,PASS,
trip_000433_bus_external_sequence_100100155,PASS,
trip_000433_bus_geometry_reconstruction,PASS,
trip_000433_transfer_recomputed,PASS,
trip_000434_gps_schema,PASS,
trip_000434_gps_time_sequence,PASS,
trip_000434_gps_trip_id,PASS,
trip_000434_origin_destination,PASS,
trip_000434_timeline,PASS,
trip_000434_bus_external_sequence_100100219,PASS,
trip_000434_bus_geometry_reconstruction,PASS,
trip_000434_transfer_recomputed,PASS,
trip_000435_gps_schema,PASS,
trip_000435_gps_time_sequence,PASS,
trip_000435_gps_trip_id,PASS,
trip_000435_origin_destination,PASS,
trip_000435_timeline,PASS,
trip_000435_bus_external_sequence_103900009,PASS,
trip_000435_bus_geometry_reconstruction,PASS,
trip_000435_transfer_recomputed,PASS,
trip_000436_gps_schema,PASS,
trip_000436_gps_time_sequence,PASS,
trip_000436_gps_trip_id,PASS,
trip_000436_origin_destination,PASS,
trip_000436_timeline,PASS,
trip_000436_bus_external_sequence_100100295,PASS,
trip_000436_bus_geometry_reconstruction,PASS,
trip_000436_transfer_recomputed,PASS,
trip_000437_gps_schema,PASS,
trip_000437_gps_time_sequence,PASS,
trip_000437_gps_trip_id,PASS,
trip_000437_origin_destination,PASS,
trip_000437_timeline,PASS,
trip_000437_bus_external_sequence_122000006,PASS,
trip_000437_bus_geometry_reconstruction,PASS,
trip_000437_transfer_recomputed,PASS,
trip_000438_gps_schema,PASS,
trip_000438_gps_time_sequence,PASS,
trip_000438_gps_trip_id,PASS,
trip_000438_origin_destination,PASS,
trip_000438_timeline,PASS,
trip_000438_bus_external_sequence_104900003,PASS,
trip_000438_bus_geometry_reconstruction,PASS,
trip_000438_transfer_recomputed,PASS,
trip_000439_gps_schema,PASS,
trip_000439_gps_time_sequence,PASS,
trip_000439_gps_trip_id,PASS,
trip_000439_origin_destination,PASS,
trip_000439_timeline,PASS,
trip_000439_bus_external_sequence_100100023,PASS,
trip_000439_bus_geometry_reconstruction,PASS,
trip_000439_transfer_recomputed,PASS,
trip_000440_gps_schema,PASS,
trip_000440_gps_time_sequence,PASS,
trip_000440_gps_trip_id,PASS,
trip_000440_origin_destination,PASS,
trip_000440_timeline,PASS,
trip_000440_bus_external_sequence_100100051,PASS,
trip_000440_bus_geometry_reconstruction,PASS,
trip_000440_transfer_recomputed,PASS,
trip_000441_gps_schema,PASS,
trip_000441_gps_time_sequence,PASS,
trip_000441_gps_trip_id,PASS,
trip_000441_origin_destination,PASS,
trip_000441_timeline,PASS,
trip_000441_rail_external_sequence_12080315,PASS,
trip_000441_transfer_recomputed,PASS,
trip_000442_gps_schema,PASS,
trip_000442_gps_time_sequence,PASS,
trip_000442_gps_trip_id,PASS,
trip_000442_origin_destination,PASS,
trip_000442_timeline,PASS,
trip_000442_rail_external_sequence_15885884,PASS,
trip_000442_transfer_recomputed,PASS,
trip_000443_gps_schema,PASS,
trip_000443_gps_time_sequence,PASS,
trip_000443_gps_trip_id,PASS,
trip_000443_origin_destination,PASS,
trip_000443_timeline,PASS,
trip_000443_rail_external_sequence_4744339,PASS,
trip_000443_transfer_recomputed,PASS,
trip_000444_gps_schema,PASS,
trip_000444_gps_time_sequence,PASS,
trip_000444_gps_trip_id,PASS,
trip_000444_origin_destination,PASS,
trip_000444_timeline,PASS,
trip_000444_rail_external_sequence_15885937,PASS,
trip_000444_transfer_recomputed,PASS,
trip_000445_gps_schema,PASS,
trip_000445_gps_time_sequence,PASS,
trip_000445_gps_trip_id,PASS,
trip_000445_origin_destination,PASS,
trip_000445_timeline,PASS,
trip_000445_rail_external_sequence_19427675,PASS,
trip_000445_transfer_recomputed,PASS,
trip_000446_gps_schema,PASS,
trip_000446_gps_time_sequence,PASS,
trip_000446_gps_trip_id,PASS,
trip_000446_origin_destination,PASS,
trip_000446_timeline,PASS,
trip_000446_rail_external_sequence_10828182,PASS,
trip_000446_transfer_recomputed,PASS,
trip_000447_gps_schema,PASS,
trip_000447_gps_time_sequence,PASS,
trip_000447_gps_trip_id,PASS,
trip_000447_origin_destination,PASS,
trip_000447_timeline,PASS,
trip_000447_rail_external_sequence_13695367,PASS,
trip_000447_transfer_recomputed,PASS,
trip_000448_gps_schema,PASS,
trip_000448_gps_time_sequence,PASS,
trip_000448_gps_trip_id,PASS,
trip_000448_origin_destination,PASS,
trip_000448_timeline,PASS,
trip_000448_rail_external_sequence_16665710,PASS,
trip_000448_transfer_recomputed,PASS,
trip_000449_gps_schema,PASS,
trip_000449_gps_time_sequence,PASS,
trip_000449_gps_trip_id,PASS,
trip_000449_origin_destination,PASS,
trip_000449_timeline,PASS,
trip_000449_rail_external_sequence_19425645,PASS,
trip_000449_transfer_recomputed,PASS,
trip_000450_gps_schema,PASS,
trip_000450_gps_time_sequence,PASS,
trip_000450_gps_trip_id,PASS,
trip_000450_origin_destination,PASS,
trip_000450_timeline,PASS,
trip_000450_rail_external_sequence_12080315,PASS,
trip_000450_transfer_recomputed,PASS,
trip_000451_gps_schema,PASS,
trip_000451_gps_time_sequence,PASS,
trip_000451_gps_trip_id,PASS,
trip_000451_origin_destination,PASS,
trip_000451_timeline,PASS,
trip_000451_rail_external_sequence_19427675,PASS,
trip_000451_transfer_recomputed,PASS,
trip_000452_gps_schema,PASS,
trip_000452_gps_time_sequence,PASS,
trip_000452_gps_trip_id,PASS,
trip_000452_origin_destination,PASS,
trip_000452_timeline,PASS,
trip_000452_rail_external_sequence_4784126,PASS,
trip_000452_transfer_recomputed,PASS,
trip_000453_gps_schema,PASS,
trip_000453_gps_time_sequence,PASS,
trip_000453_gps_trip_id,PASS,
trip_000453_origin_destination,PASS,
trip_000453_timeline,PASS,
trip_000453_rail_external_sequence_16665712,PASS,
trip_000453_transfer_recomputed,PASS,
trip_000454_gps_schema,PASS,
trip_000454_gps_time_sequence,PASS,
trip_000454_gps_trip_id,PASS,
trip_000454_origin_destination,PASS,
trip_000454_timeline,PASS,
trip_000454_rail_external_sequence_19425645,PASS,
trip_000454_transfer_recomputed,PASS,
trip_000455_gps_schema,PASS,
trip_000455_gps_time_sequence,PASS,
trip_000455_gps_trip_id,PASS,
trip_000455_origin_destination,PASS,
trip_000455_timeline,PASS,
trip_000455_rail_external_sequence_19425646,PASS,
trip_000455_transfer_recomputed,PASS,
trip_000456_gps_schema,PASS,
trip_000456_gps_time_sequence,PASS,
trip_000456_gps_trip_id,PASS,
trip_000456_origin_destination,PASS,
trip_000456_timeline,PASS,
trip_000456_rail_external_sequence_13938877,PASS,
trip_000456_transfer_recomputed,PASS,
trip_000457_gps_schema,PASS,
trip_000457_gps_time_sequence,PASS,
trip_000457_gps_trip_id,PASS,
trip_000457_origin_destination,PASS,
trip_000457_timeline,PASS,
trip_000457_rail_external_sequence_16534608,PASS,
trip_000457_transfer_recomputed,PASS,
trip_000458_gps_schema,PASS,
trip_000458_gps_time_sequence,PASS,
trip_000458_gps_trip_id,PASS,
trip_000458_origin_destination,PASS,
trip_000458_timeline,PASS,
trip_000458_rail_external_sequence_7883314,PASS,
trip_000458_transfer_recomputed,PASS,
trip_000459_gps_schema,PASS,
trip_000459_gps_time_sequence,PASS,
trip_000459_gps_trip_id,PASS,
trip_000459_origin_destination,PASS,
trip_000459_timeline,PASS,
trip_000459_rail_external_sequence_4729406,PASS,
trip_000459_transfer_recomputed,PASS,
trip_000460_gps_schema,PASS,
trip_000460_gps_time_sequence,PASS,
trip_000460_gps_trip_id,PASS,
trip_000460_origin_destination,PASS,
trip_000460_timeline,PASS,
trip_000460_rail_external_sequence_10776761,PASS,
trip_000460_transfer_recomputed,PASS,
trip_000461_gps_schema,PASS,
trip_000461_gps_time_sequence,PASS,
trip_000461_gps_trip_id,PASS,
trip_000461_origin_destination,PASS,
trip_000461_timeline,PASS,
trip_000461_rail_external_sequence_16665760,PASS,
trip_000461_transfer_recomputed,PASS,
trip_000462_gps_schema,PASS,
trip_000462_gps_time_sequence,PASS,
trip_000462_gps_trip_id,PASS,
trip_000462_origin_destination,PASS,
trip_000462_timeline,PASS,
trip_000462_rail_external_sequence_12746498,PASS,
trip_000462_transfer_recomputed,PASS,
trip_000463_gps_schema,PASS,
trip_000463_gps_time_sequence,PASS,
trip_000463_gps_trip_id,PASS,
trip_000463_origin_destination,PASS,
trip_000463_timeline,PASS,
trip_000463_rail_external_sequence_13675922,PASS,
trip_000463_transfer_recomputed,PASS,
trip_000464_gps_schema,PASS,
trip_000464_gps_time_sequence,PASS,
trip_000464_gps_trip_id,PASS,
trip_000464_origin_destination,PASS,
trip_000464_timeline,PASS,
trip_000464_rail_external_sequence_10828182,PASS,
trip_000464_transfer_recomputed,PASS,
trip_000465_gps_schema,PASS,
trip_000465_gps_time_sequence,PASS,
trip_000465_gps_trip_id,PASS,
trip_000465_origin_destination,PASS,
trip_000465_timeline,PASS,
trip_000465_rail_external_sequence_10727493,PASS,
trip_000465_transfer_recomputed,PASS,
trip_000466_gps_schema,PASS,
trip_000466_gps_time_sequence,PASS,
trip_000466_gps_trip_id,PASS,
trip_000466_origin_destination,PASS,
trip_000466_timeline,PASS,
trip_000466_rail_external_sequence_10828182,PASS,
trip_000466_transfer_recomputed,PASS,
trip_000467_gps_schema,PASS,
trip_000467_gps_time_sequence,PASS,
trip_000467_gps_trip_id,PASS,
trip_000467_origin_destination,PASS,
trip_000467_timeline,PASS,
trip_000467_rail_external_sequence_4744340,PASS,
trip_000467_transfer_recomputed,PASS,
trip_000468_gps_schema,PASS,
trip_000468_gps_time_sequence,PASS,
trip_000468_gps_trip_id,PASS,
trip_000468_origin_destination,PASS,
trip_000468_timeline,PASS,
trip_000468_rail_external_sequence_10727605,PASS,
trip_000468_transfer_recomputed,PASS,
trip_000469_gps_schema,PASS,
trip_000469_gps_time_sequence,PASS,
trip_000469_gps_trip_id,PASS,
trip_000469_origin_destination,PASS,
trip_000469_timeline,PASS,
trip_000469_rail_external_sequence_13695367,PASS,
trip_000469_transfer_recomputed,PASS,
trip_000470_gps_schema,PASS,
trip_000470_gps_time_sequence,PASS,
trip_000470_gps_trip_id,PASS,
trip_000470_origin_destination,PASS,
trip_000470_timeline,PASS,
trip_000470_rail_external_sequence_10828182,PASS,
trip_000470_transfer_recomputed,PASS,
trip_000471_gps_schema,PASS,
trip_000471_gps_time_sequence,PASS,
trip_000471_gps_trip_id,PASS,
trip_000471_origin_destination,PASS,
trip_000471_timeline,PASS,
trip_000471_rail_external_sequence_15885937,PASS,
trip_000471_transfer_recomputed,PASS,
trip_000472_gps_schema,PASS,
trip_000472_gps_time_sequence,PASS,
trip_000472_gps_trip_id,PASS,
trip_000472_origin_destination,PASS,
trip_000472_timeline,PASS,
trip_000472_rail_external_sequence_16665711,PASS,
trip_000472_transfer_recomputed,PASS,
trip_000473_gps_schema,PASS,
trip_000473_gps_time_sequence,PASS,
trip_000473_gps_trip_id,PASS,
trip_000473_origin_destination,PASS,
trip_000473_timeline,PASS,
trip_000473_rail_external_sequence_443803,PASS,
trip_000473_transfer_recomputed,PASS,
trip_000474_gps_schema,PASS,
trip_000474_gps_time_sequence,PASS,
trip_000474_gps_trip_id,PASS,
trip_000474_origin_destination,PASS,
trip_000474_timeline,PASS,
trip_000474_rail_external_sequence_7919153,PASS,
trip_000474_transfer_recomputed,PASS,
trip_000475_gps_schema,PASS,
trip_000475_gps_time_sequence,PASS,
trip_000475_gps_trip_id,PASS,
trip_000475_origin_destination,PASS,
trip_000475_timeline,PASS,
trip_000475_rail_external_sequence_4744338,PASS,
trip_000475_transfer_recomputed,PASS,
trip_000476_gps_schema,PASS,
trip_000476_gps_time_sequence,PASS,
trip_000476_gps_trip_id,PASS,
trip_000476_origin_destination,PASS,
trip_000476_timeline,PASS,
trip_000476_rail_external_sequence_4729409,PASS,
trip_000476_transfer_recomputed,PASS,
trip_000477_gps_schema,PASS,
trip_000477_gps_time_sequence,PASS,
trip_000477_gps_trip_id,PASS,
trip_000477_origin_destination,PASS,
trip_000477_timeline,PASS,
trip_000477_rail_external_sequence_16665713,PASS,
trip_000477_transfer_recomputed,PASS,
trip_000478_gps_schema,PASS,
trip_000478_gps_time_sequence,PASS,
trip_000478_gps_trip_id,PASS,
trip_000478_origin_destination,PASS,
trip_000478_timeline,PASS,
trip_000478_rail_external_sequence_16665760,PASS,
trip_000478_transfer_recomputed,PASS,
trip_000479_gps_schema,PASS,
trip_000479_gps_time_sequence,PASS,
trip_000479_gps_trip_id,PASS,
trip_000479_origin_destination,PASS,
trip_000479_timeline,PASS,
trip_000479_rail_external_sequence_4727111,PASS,
trip_000479_transfer_recomputed,PASS,
trip_000480_gps_schema,PASS,
trip_000480_gps_time_sequence,PASS,
trip_000480_gps_trip_id,PASS,
trip_000480_origin_destination,PASS,
trip_000480_timeline,PASS,
trip_000480_rail_external_sequence_8820537,PASS,
trip_000480_transfer_recomputed,PASS,
trip_000481_gps_schema,PASS,
trip_000481_gps_time_sequence,PASS,
trip_000481_gps_trip_id,PASS,
trip_000481_origin_destination,PASS,
trip_000481_timeline,PASS,
trip_000481_rail_external_sequence_16665710,PASS,
trip_000481_transfer_recomputed,PASS,
trip_000482_gps_schema,PASS,
trip_000482_gps_time_sequence,PASS,
trip_000482_gps_trip_id,PASS,
trip_000482_origin_destination,PASS,
trip_000482_timeline,PASS,
trip_000482_rail_external_sequence_15833654,PASS,
trip_000482_transfer_recomputed,PASS,
trip_000483_gps_schema,PASS,
trip_000483_gps_time_sequence,PASS,
trip_000483_gps_trip_id,PASS,
trip_000483_origin_destination,PASS,
trip_000483_timeline,PASS,
trip_000483_rail_external_sequence_13695368,PASS,
trip_000483_transfer_recomputed,PASS,
trip_000484_gps_schema,PASS,
trip_000484_gps_time_sequence,PASS,
trip_000484_gps_trip_id,PASS,
trip_000484_origin_destination,PASS,
trip_000484_timeline,PASS,
trip_000484_rail_external_sequence_16665711,PASS,
trip_000484_transfer_recomputed,PASS,
trip_000485_gps_schema,PASS,
trip_000485_gps_time_sequence,PASS,
trip_000485_gps_trip_id,PASS,
trip_000485_origin_destination,PASS,
trip_000485_timeline,PASS,
trip_000485_rail_external_sequence_12746493,PASS,
trip_000485_transfer_recomputed,PASS,
trip_000486_gps_schema,PASS,
trip_000486_gps_time_sequence,PASS,
trip_000486_gps_trip_id,PASS,
trip_000486_origin_destination,PASS,
trip_000486_timeline,PASS,
trip_000486_rail_external_sequence_7919018,PASS,
trip_000486_transfer_recomputed,PASS,
trip_000487_gps_schema,PASS,
trip_000487_gps_time_sequence,PASS,
trip_000487_gps_trip_id,PASS,
trip_000487_origin_destination,PASS,
trip_000487_timeline,PASS,
trip_000487_rail_external_sequence_8820537,PASS,
trip_000487_transfer_recomputed,PASS,
trip_000488_gps_schema,PASS,
trip_000488_gps_time_sequence,PASS,
trip_000488_gps_trip_id,PASS,
trip_000488_origin_destination,PASS,
trip_000488_timeline,PASS,
trip_000488_rail_external_sequence_17953805,PASS,
trip_000488_transfer_recomputed,PASS,
trip_000489_gps_schema,PASS,
trip_000489_gps_time_sequence,PASS,
trip_000489_gps_trip_id,PASS,
trip_000489_origin_destination,PASS,
trip_000489_timeline,PASS,
trip_000489_rail_external_sequence_16665714,PASS,
trip_000489_transfer_recomputed,PASS,
trip_000490_gps_schema,PASS,
trip_000490_gps_time_sequence,PASS,
trip_000490_gps_trip_id,PASS,
trip_000490_origin_destination,PASS,
trip_000490_timeline,PASS,
trip_000490_rail_external_sequence_4729445,PASS,
trip_000490_transfer_recomputed,PASS,
trip_000491_gps_schema,PASS,
trip_000491_gps_time_sequence,PASS,
trip_000491_gps_trip_id,PASS,
trip_000491_origin_destination,PASS,
trip_000491_timeline,PASS,
trip_000491_rail_external_sequence_16665714,PASS,
trip_000491_transfer_recomputed,PASS,
trip_000492_gps_schema,PASS,
trip_000492_gps_time_sequence,PASS,
trip_000492_gps_trip_id,PASS,
trip_000492_origin_destination,PASS,
trip_000492_timeline,PASS,
trip_000492_rail_external_sequence_7919018,PASS,
trip_000492_transfer_recomputed,PASS,
trip_000493_gps_schema,PASS,
trip_000493_gps_time_sequence,PASS,
trip_000493_gps_trip_id,PASS,
trip_000493_origin_destination,PASS,
trip_000493_timeline,PASS,
trip_000493_rail_external_sequence_16534608,PASS,
trip_000493_transfer_recomputed,PASS,
trip_000494_gps_schema,PASS,
trip_000494_gps_time_sequence,PASS,
trip_000494_gps_trip_id,PASS,
trip_000494_origin_destination,PASS,
trip_000494_timeline,PASS,
trip_000494_rail_external_sequence_4729445,PASS,
trip_000494_transfer_recomputed,PASS,
trip_000495_gps_schema,PASS,
trip_000495_gps_time_sequence,PASS,
trip_000495_gps_trip_id,PASS,
trip_000495_origin_destination,PASS,
trip_000495_timeline,PASS,
trip_000495_rail_external_sequence_9079536,PASS,
trip_000495_transfer_recomputed,PASS,
trip_000496_gps_schema,PASS,
trip_000496_gps_time_sequence,PASS,
trip_000496_gps_trip_id,PASS,
trip_000496_origin_destination,PASS,
trip_000496_timeline,PASS,
trip_000496_rail_external_sequence_15833654,PASS,
trip_000496_transfer_recomputed,PASS,
trip_000497_gps_schema,PASS,
trip_000497_gps_time_sequence,PASS,
trip_000497_gps_trip_id,PASS,
trip_000497_origin_destination,PASS,
trip_000497_timeline,PASS,
trip_000497_rail_external_sequence_17953805,PASS,
trip_000497_transfer_recomputed,PASS,
trip_000498_gps_schema,PASS,
trip_000498_gps_time_sequence,PASS,
trip_000498_gps_trip_id,PASS,
trip_000498_origin_destination,PASS,
trip_000498_timeline,PASS,
trip_000498_rail_external_sequence_4744339,PASS,
trip_000498_transfer_recomputed,PASS,
trip_000499_gps_schema,PASS,
trip_000499_gps_time_sequence,PASS,
trip_000499_gps_trip_id,PASS,
trip_000499_origin_destination,PASS,
trip_000499_timeline,PASS,
trip_000499_rail_external_sequence_9079536,PASS,
trip_000499_transfer_recomputed,PASS,
trip_000500_gps_schema,PASS,
trip_000500_gps_time_sequence,PASS,
trip_000500_gps_trip_id,PASS,
trip_000500_origin_destination,PASS,
trip_000500_timeline,PASS,
trip_000500_rail_external_sequence_16665759,PASS,
trip_000500_transfer_recomputed,PASS,
trip_000501_gps_schema,PASS,
trip_000501_gps_time_sequence,PASS,
trip_000501_gps_trip_id,PASS,
trip_000501_origin_destination,PASS,
trip_000501_timeline,PASS,
trip_000501_rail_external_sequence_15885937,PASS,
trip_000501_transfer_recomputed,PASS,
trip_000502_gps_schema,PASS,
trip_000502_gps_time_sequence,PASS,
trip_000502_gps_trip_id,PASS,
trip_000502_origin_destination,PASS,
trip_000502_timeline,PASS,
trip_000502_rail_external_sequence_12746493,PASS,
trip_000502_transfer_recomputed,PASS,
trip_000503_gps_schema,PASS,
trip_000503_gps_time_sequence,PASS,
trip_000503_gps_trip_id,PASS,
trip_000503_origin_destination,PASS,
trip_000503_timeline,PASS,
trip_000503_rail_external_sequence_10828181,PASS,
trip_000503_transfer_recomputed,PASS,
trip_000504_gps_schema,PASS,
trip_000504_gps_time_sequence,PASS,
trip_000504_gps_trip_id,PASS,
trip_000504_origin_destination,PASS,
trip_000504_timeline,PASS,
trip_000504_rail_external_sequence_7919018,PASS,
trip_000504_transfer_recomputed,PASS,
trip_000505_gps_schema,PASS,
trip_000505_gps_time_sequence,PASS,
trip_000505_gps_trip_id,PASS,
trip_000505_origin_destination,PASS,
trip_000505_timeline,PASS,
trip_000505_rail_external_sequence_12497486,PASS,
trip_000505_transfer_recomputed,PASS,
trip_000506_gps_schema,PASS,
trip_000506_gps_time_sequence,PASS,
trip_000506_gps_trip_id,PASS,
trip_000506_origin_destination,PASS,
trip_000506_timeline,PASS,
trip_000506_rail_external_sequence_10828181,PASS,
trip_000506_transfer_recomputed,PASS,
trip_000507_gps_schema,PASS,
trip_000507_gps_time_sequence,PASS,
trip_000507_gps_trip_id,PASS,
trip_000507_origin_destination,PASS,
trip_000507_timeline,PASS,
trip_000507_rail_external_sequence_12746494,PASS,
trip_000507_transfer_recomputed,PASS,
trip_000508_gps_schema,PASS,
trip_000508_gps_time_sequence,PASS,
trip_000508_gps_trip_id,PASS,
trip_000508_origin_destination,PASS,
trip_000508_timeline,PASS,
trip_000508_rail_external_sequence_15885937,PASS,
trip_000508_transfer_recomputed,PASS,
trip_000509_gps_schema,PASS,
trip_000509_gps_time_sequence,PASS,
trip_000509_gps_trip_id,PASS,
trip_000509_origin_destination,PASS,
trip_000509_timeline,PASS,
trip_000509_rail_external_sequence_15885884,PASS,
trip_000509_transfer_recomputed,PASS,
trip_000510_gps_schema,PASS,
trip_000510_gps_time_sequence,PASS,
trip_000510_gps_trip_id,PASS,
trip_000510_origin_destination,PASS,
trip_000510_timeline,PASS,
trip_000510_rail_external_sequence_19425646,PASS,
trip_000510_transfer_recomputed,PASS,
trip_000511_gps_schema,PASS,
trip_000511_gps_time_sequence,PASS,
trip_000511_gps_trip_id,PASS,
trip_000511_origin_destination,PASS,
trip_000511_timeline,PASS,
trip_000511_rail_external_sequence_10828181,PASS,
trip_000511_transfer_recomputed,PASS,
trip_000512_gps_schema,PASS,
trip_000512_gps_time_sequence,PASS,
trip_000512_gps_trip_id,PASS,
trip_000512_origin_destination,PASS,
trip_000512_timeline,PASS,
trip_000512_rail_external_sequence_16665714,PASS,
trip_000512_transfer_recomputed,PASS,
trip_000513_gps_schema,PASS,
trip_000513_gps_time_sequence,PASS,
trip_000513_gps_trip_id,PASS,
trip_000513_origin_destination,PASS,
trip_000513_timeline,PASS,
trip_000513_rail_external_sequence_10881612,PASS,
trip_000513_transfer_recomputed,PASS,
trip_000514_gps_schema,PASS,
trip_000514_gps_time_sequence,PASS,
trip_000514_gps_trip_id,PASS,
trip_000514_origin_destination,PASS,
trip_000514_timeline,PASS,
trip_000514_rail_external_sequence_16534608,PASS,
trip_000514_transfer_recomputed,PASS,
trip_000515_gps_schema,PASS,
trip_000515_gps_time_sequence,PASS,
trip_000515_gps_trip_id,PASS,
trip_000515_origin_destination,PASS,
trip_000515_timeline,PASS,
trip_000515_rail_external_sequence_19425646,PASS,
trip_000515_transfer_recomputed,PASS,
trip_000516_gps_schema,PASS,
trip_000516_gps_time_sequence,PASS,
trip_000516_gps_trip_id,PASS,
trip_000516_origin_destination,PASS,
trip_000516_timeline,PASS,
trip_000516_rail_external_sequence_4727111,PASS,
trip_000516_transfer_recomputed,PASS,
trip_000517_gps_schema,PASS,
trip_000517_gps_time_sequence,PASS,
trip_000517_gps_trip_id,PASS,
trip_000517_origin_destination,PASS,
trip_000517_timeline,PASS,
trip_000517_rail_external_sequence_16534788,PASS,
trip_000517_transfer_recomputed,PASS,
trip_000518_gps_schema,PASS,
trip_000518_gps_time_sequence,PASS,
trip_000518_gps_trip_id,PASS,
trip_000518_origin_destination,PASS,
trip_000518_timeline,PASS,
trip_000518_rail_external_sequence_12080315,PASS,
trip_000518_transfer_recomputed,PASS,
trip_000519_gps_schema,PASS,
trip_000519_gps_time_sequence,PASS,
trip_000519_gps_trip_id,PASS,
trip_000519_origin_destination,PASS,
trip_000519_timeline,PASS,
trip_000519_rail_external_sequence_13675921,PASS,
trip_000519_transfer_recomputed,PASS,
trip_000520_gps_schema,PASS,
trip_000520_gps_time_sequence,PASS,
trip_000520_gps_trip_id,PASS,
trip_000520_origin_destination,PASS,
trip_000520_timeline,PASS,
trip_000520_rail_external_sequence_16665760,PASS,
trip_000520_transfer_recomputed,PASS,
trip_000521_gps_schema,PASS,
trip_000521_gps_time_sequence,PASS,
trip_000521_gps_trip_id,PASS,
trip_000521_origin_destination,PASS,
trip_000521_timeline,PASS,
trip_000521_rail_external_sequence_17953804,PASS,
trip_000521_transfer_recomputed,PASS,
trip_000522_gps_schema,PASS,
trip_000522_gps_time_sequence,PASS,
trip_000522_gps_trip_id,PASS,
trip_000522_origin_destination,PASS,
trip_000522_timeline,PASS,
trip_000522_rail_external_sequence_4729405,PASS,
trip_000522_transfer_recomputed,PASS,
trip_000523_gps_schema,PASS,
trip_000523_gps_time_sequence,PASS,
trip_000523_gps_trip_id,PASS,
trip_000523_origin_destination,PASS,
trip_000523_timeline,PASS,
trip_000523_rail_external_sequence_13695367,PASS,
trip_000523_transfer_recomputed,PASS,
trip_000524_gps_schema,PASS,
trip_000524_gps_time_sequence,PASS,
trip_000524_gps_trip_id,PASS,
trip_000524_origin_destination,PASS,
trip_000524_timeline,PASS,
trip_000524_rail_external_sequence_8820537,PASS,
trip_000524_transfer_recomputed,PASS,
trip_000525_gps_schema,PASS,
trip_000525_gps_time_sequence,PASS,
trip_000525_gps_trip_id,PASS,
trip_000525_origin_destination,PASS,
trip_000525_timeline,PASS,
trip_000525_rail_external_sequence_15885884,PASS,
trip_000525_transfer_recomputed,PASS,
trip_000526_gps_schema,PASS,
trip_000526_gps_time_sequence,PASS,
trip_000526_gps_trip_id,PASS,
trip_000526_origin_destination,PASS,
trip_000526_timeline,PASS,
trip_000526_rail_external_sequence_4729409,PASS,
trip_000526_transfer_recomputed,PASS,
trip_000527_gps_schema,PASS,
trip_000527_gps_time_sequence,PASS,
trip_000527_gps_trip_id,PASS,
trip_000527_origin_destination,PASS,
trip_000527_timeline,PASS,
trip_000527_rail_external_sequence_10746635,PASS,
trip_000527_transfer_recomputed,PASS,
trip_000528_gps_schema,PASS,
trip_000528_gps_time_sequence,PASS,
trip_000528_gps_trip_id,PASS,
trip_000528_origin_destination,PASS,
trip_000528_timeline,PASS,
trip_000528_rail_external_sequence_4729409,PASS,
trip_000528_transfer_recomputed,PASS,
trip_000529_gps_schema,PASS,
trip_000529_gps_time_sequence,PASS,
trip_000529_gps_trip_id,PASS,
trip_000529_origin_destination,PASS,
trip_000529_timeline,PASS,
trip_000529_rail_external_sequence_16712689,PASS,
trip_000529_transfer_recomputed,PASS,
trip_000530_gps_schema,PASS,
trip_000530_gps_time_sequence,PASS,
trip_000530_gps_trip_id,PASS,
trip_000530_origin_destination,PASS,
trip_000530_timeline,PASS,
trip_000530_rail_external_sequence_16665760,PASS,
trip_000530_transfer_recomputed,PASS,
trip_000531_gps_schema,PASS,
trip_000531_gps_time_sequence,PASS,
trip_000531_gps_trip_id,PASS,
trip_000531_origin_destination,PASS,
trip_000531_timeline,PASS,
trip_000531_rail_external_sequence_15885937,PASS,
trip_000531_transfer_recomputed,PASS,
trip_000532_gps_schema,PASS,
trip_000532_gps_time_sequence,PASS,
trip_000532_gps_trip_id,PASS,
trip_000532_origin_destination,PASS,
trip_000532_timeline,PASS,
trip_000532_rail_external_sequence_12746499,PASS,
trip_000532_transfer_recomputed,PASS,
trip_000533_gps_schema,PASS,
trip_000533_gps_time_sequence,PASS,
trip_000533_gps_trip_id,PASS,
trip_000533_origin_destination,PASS,
trip_000533_timeline,PASS,
trip_000533_rail_external_sequence_19425645,PASS,
trip_000533_transfer_recomputed,PASS,
trip_000534_gps_schema,PASS,
trip_000534_gps_time_sequence,PASS,
trip_000534_gps_trip_id,PASS,
trip_000534_origin_destination,PASS,
trip_000534_timeline,PASS,
trip_000534_rail_external_sequence_13675922,PASS,
trip_000534_transfer_recomputed,PASS,
trip_000535_gps_schema,PASS,
trip_000535_gps_time_sequence,PASS,
trip_000535_gps_trip_id,PASS,
trip_000535_origin_destination,PASS,
trip_000535_timeline,PASS,
trip_000535_rail_external_sequence_16665760,PASS,
trip_000535_transfer_recomputed,PASS,
trip_000536_gps_schema,PASS,
trip_000536_gps_time_sequence,PASS,
trip_000536_gps_trip_id,PASS,
trip_000536_origin_destination,PASS,
trip_000536_timeline,PASS,
trip_000536_rail_external_sequence_16665712,PASS,
trip_000536_transfer_recomputed,PASS,
trip_000537_gps_schema,PASS,
trip_000537_gps_time_sequence,PASS,
trip_000537_gps_trip_id,PASS,
trip_000537_origin_destination,PASS,
trip_000537_timeline,PASS,
trip_000537_rail_external_sequence_4729445,PASS,
trip_000537_transfer_recomputed,PASS,
trip_000538_gps_schema,PASS,
trip_000538_gps_time_sequence,PASS,
trip_000538_gps_trip_id,PASS,
trip_000538_origin_destination,PASS,
trip_000538_timeline,PASS,
trip_000538_rail_external_sequence_7919153,PASS,
trip_000538_transfer_recomputed,PASS,
trip_000539_gps_schema,PASS,
trip_000539_gps_time_sequence,PASS,
trip_000539_gps_trip_id,PASS,
trip_000539_origin_destination,PASS,
trip_000539_timeline,PASS,
trip_000539_rail_external_sequence_16534608,PASS,
trip_000539_transfer_recomputed,PASS,
trip_000540_gps_schema,PASS,
trip_000540_gps_time_sequence,PASS,
trip_000540_gps_trip_id,PASS,
trip_000540_origin_destination,PASS,
trip_000540_timeline,PASS,
trip_000540_rail_external_sequence_15833655,PASS,
trip_000540_transfer_recomputed,PASS,
trip_000541_gps_schema,PASS,
trip_000541_gps_time_sequence,PASS,
trip_000541_gps_trip_id,PASS,
trip_000541_origin_destination,PASS,
trip_000541_timeline,PASS,
trip_000541_rail_external_sequence_15801808,PASS,
trip_000541_transfer_recomputed,PASS,
trip_000542_gps_schema,PASS,
trip_000542_gps_time_sequence,PASS,
trip_000542_gps_trip_id,PASS,
trip_000542_origin_destination,PASS,
trip_000542_timeline,PASS,
trip_000542_rail_external_sequence_17953733,PASS,
trip_000542_transfer_recomputed,PASS,
trip_000543_gps_schema,PASS,
trip_000543_gps_time_sequence,PASS,
trip_000543_gps_trip_id,PASS,
trip_000543_origin_destination,PASS,
trip_000543_timeline,PASS,
trip_000543_rail_external_sequence_16712689,PASS,
trip_000543_transfer_recomputed,PASS,
trip_000544_gps_schema,PASS,
trip_000544_gps_time_sequence,PASS,
trip_000544_gps_trip_id,PASS,
trip_000544_origin_destination,PASS,
trip_000544_timeline,PASS,
trip_000544_rail_external_sequence_10746635,PASS,
trip_000544_transfer_recomputed,PASS,
trip_000545_gps_schema,PASS,
trip_000545_gps_time_sequence,PASS,
trip_000545_gps_trip_id,PASS,
trip_000545_origin_destination,PASS,
trip_000545_timeline,PASS,
trip_000545_rail_external_sequence_12746493,PASS,
trip_000545_transfer_recomputed,PASS,
trip_000546_gps_schema,PASS,
trip_000546_gps_time_sequence,PASS,
trip_000546_gps_trip_id,PASS,
trip_000546_origin_destination,PASS,
trip_000546_timeline,PASS,
trip_000546_rail_external_sequence_19425646,PASS,
trip_000546_transfer_recomputed,PASS,
trip_000547_gps_schema,PASS,
trip_000547_gps_time_sequence,PASS,
trip_000547_gps_trip_id,PASS,
trip_000547_origin_destination,PASS,
trip_000547_timeline,PASS,
trip_000547_rail_external_sequence_4727111,PASS,
trip_000547_transfer_recomputed,PASS,
trip_000548_gps_schema,PASS,
trip_000548_gps_time_sequence,PASS,
trip_000548_gps_trip_id,PASS,
trip_000548_origin_destination,PASS,
trip_000548_timeline,PASS,
trip_000548_rail_external_sequence_16534608,PASS,
trip_000548_transfer_recomputed,PASS,
trip_000549_gps_schema,PASS,
trip_000549_gps_time_sequence,PASS,
trip_000549_gps_trip_id,PASS,
trip_000549_origin_destination,PASS,
trip_000549_timeline,PASS,
trip_000549_rail_external_sequence_12640223,PASS,
trip_000549_transfer_recomputed,PASS,
trip_000550_gps_schema,PASS,
trip_000550_gps_time_sequence,PASS,
trip_000550_gps_trip_id,PASS,
trip_000550_origin_destination,PASS,
trip_000550_timeline,PASS,
trip_000550_rail_external_sequence_7919018,PASS,
trip_000550_transfer_recomputed,PASS,
trip_000551_gps_schema,PASS,
trip_000551_gps_time_sequence,PASS,
trip_000551_gps_trip_id,PASS,
trip_000551_origin_destination,PASS,
trip_000551_timeline,PASS,
trip_000551_rail_external_sequence_12746498,PASS,
trip_000551_transfer_recomputed,PASS,
trip_000552_gps_schema,PASS,
trip_000552_gps_time_sequence,PASS,
trip_000552_gps_trip_id,PASS,
trip_000552_origin_destination,PASS,
trip_000552_timeline,PASS,
trip_000552_rail_external_sequence_2718901,PASS,
trip_000552_transfer_recomputed,PASS,
trip_000553_gps_schema,PASS,
trip_000553_gps_time_sequence,PASS,
trip_000553_gps_trip_id,PASS,
trip_000553_origin_destination,PASS,
trip_000553_timeline,PASS,
trip_000553_rail_external_sequence_7883314,PASS,
trip_000553_transfer_recomputed,PASS,
trip_000554_gps_schema,PASS,
trip_000554_gps_time_sequence,PASS,
trip_000554_gps_trip_id,PASS,
trip_000554_origin_destination,PASS,
trip_000554_timeline,PASS,
trip_000554_rail_external_sequence_19427674,PASS,
trip_000554_transfer_recomputed,PASS,
trip_000555_gps_schema,PASS,
trip_000555_gps_time_sequence,PASS,
trip_000555_gps_trip_id,PASS,
trip_000555_origin_destination,PASS,
trip_000555_timeline,PASS,
trip_000555_rail_external_sequence_13675921,PASS,
trip_000555_transfer_recomputed,PASS,
trip_000556_gps_schema,PASS,
trip_000556_gps_time_sequence,PASS,
trip_000556_gps_trip_id,PASS,
trip_000556_origin_destination,PASS,
trip_000556_timeline,PASS,
trip_000556_rail_external_sequence_4748705,PASS,
trip_000556_transfer_recomputed,PASS,
trip_000557_gps_schema,PASS,
trip_000557_gps_time_sequence,PASS,
trip_000557_gps_trip_id,PASS,
trip_000557_origin_destination,PASS,
trip_000557_timeline,PASS,
trip_000557_rail_external_sequence_4727111,PASS,
trip_000557_transfer_recomputed,PASS,
trip_000558_gps_schema,PASS,
trip_000558_gps_time_sequence,PASS,
trip_000558_gps_trip_id,PASS,
trip_000558_origin_destination,PASS,
trip_000558_timeline,PASS,
trip_000558_rail_external_sequence_10828181,PASS,
trip_000558_transfer_recomputed,PASS,
trip_000559_gps_schema,PASS,
trip_000559_gps_time_sequence,PASS,
trip_000559_gps_trip_id,PASS,
trip_000559_origin_destination,PASS,
trip_000559_timeline,PASS,
trip_000559_rail_external_sequence_9079536,PASS,
trip_000559_transfer_recomputed,PASS,
trip_000560_gps_schema,PASS,
trip_000560_gps_time_sequence,PASS,
trip_000560_gps_trip_id,PASS,
trip_000560_origin_destination,PASS,
trip_000560_timeline,PASS,
trip_000560_rail_external_sequence_17953804,PASS,
trip_000560_transfer_recomputed,PASS,
trip_000561_gps_schema,PASS,
trip_000561_gps_time_sequence,PASS,
trip_000561_gps_trip_id,PASS,
trip_000561_origin_destination,PASS,
trip_000561_timeline,PASS,
trip_000561_walk_network_reference,PASS,
trip_000561_bus_external_sequence_108900009,PASS,
trip_000561_bus_geometry_reconstruction,PASS,
trip_000561_walk_network_reference,PASS,
trip_000561_transfer_recomputed,PASS,
trip_000562_gps_schema,PASS,
trip_000562_gps_time_sequence,PASS,
trip_000562_gps_trip_id,PASS,
trip_000562_origin_destination,PASS,
trip_000562_timeline,PASS,
trip_000562_walk_network_reference,PASS,
trip_000562_bus_external_sequence_100100057,PASS,
trip_000562_bus_geometry_reconstruction,PASS,
trip_000562_walk_network_reference,PASS,
trip_000562_bus_external_sequence_113000002,PASS,
trip_000562_bus_geometry_reconstruction,PASS,
trip_000562_walk_network_reference,PASS,
trip_000562_transfer_recomputed,PASS,
trip_000563_gps_schema,PASS,
trip_000563_gps_time_sequence,PASS,
trip_000563_gps_trip_id,PASS,
trip_000563_origin_destination,PASS,
trip_000563_timeline,PASS,
trip_000563_walk_network_reference,PASS,
trip_000563_rail_external_sequence_2718888,PASS,
trip_000563_walk_network_reference,PASS,
trip_000563_rail_external_sequence_4729445,PASS,
trip_000563_walk_network_reference,PASS,
trip_000563_transfer_recomputed,PASS,
trip_000564_gps_schema,PASS,
trip_000564_gps_time_sequence,PASS,
trip_000564_gps_trip_id,PASS,
trip_000564_origin_destination,PASS,
trip_000564_timeline,PASS,
trip_000564_walk_network_reference,PASS,
trip_000564_bus_external_sequence_108900009,PASS,
trip_000564_bus_geometry_reconstruction,PASS,
trip_000564_walk_network_reference,PASS,
trip_000564_transfer_recomputed,PASS,
trip_000565_gps_schema,PASS,
trip_000565_gps_time_sequence,PASS,
trip_000565_gps_trip_id,PASS,
trip_000565_origin_destination,PASS,
trip_000565_timeline,PASS,
trip_000565_walk_network_reference,PASS,
trip_000565_rail_external_sequence_12640223,PASS,
trip_000565_walk_network_reference,PASS,
trip_000565_bus_external_sequence_100100289,PASS,
trip_000565_bus_geometry_reconstruction,PASS,
trip_000565_walk_network_reference,PASS,
trip_000565_transfer_recomputed,PASS,
trip_000566_gps_schema,PASS,
trip_000566_gps_time_sequence,PASS,
trip_000566_gps_trip_id,PASS,
trip_000566_origin_destination,PASS,
trip_000566_timeline,PASS,
trip_000566_walk_network_reference,PASS,
trip_000566_bus_external_sequence_108900009,PASS,
trip_000566_bus_geometry_reconstruction,PASS,
trip_000566_walk_network_reference,PASS,
trip_000566_transfer_recomputed,PASS,
trip_000567_gps_schema,PASS,
trip_000567_gps_time_sequence,PASS,
trip_000567_gps_trip_id,PASS,
trip_000567_origin_destination,PASS,
trip_000567_timeline,PASS,
trip_000567_walk_network_reference,PASS,
trip_000567_rail_external_sequence_10881612,PASS,
trip_000567_walk_network_reference,PASS,
trip_000567_transfer_recomputed,PASS,
trip_000568_gps_schema,PASS,
trip_000568_gps_time_sequence,PASS,
trip_000568_gps_trip_id,PASS,
trip_000568_origin_destination,PASS,
trip_000568_timeline,PASS,
trip_000568_walk_network_reference,PASS,
trip_000568_rail_external_sequence_12640223,PASS,
trip_000568_walk_network_reference,PASS,
trip_000568_bus_external_sequence_100100289,PASS,
trip_000568_bus_geometry_reconstruction,PASS,
trip_000568_walk_network_reference,PASS,
trip_000568_transfer_recomputed,PASS,
trip_000569_gps_schema,PASS,
trip_000569_gps_time_sequence,PASS,
trip_000569_gps_trip_id,PASS,
trip_000569_origin_destination,PASS,
trip_000569_timeline,PASS,
trip_000569_walk_network_reference,PASS,
trip_000569_rail_external_sequence_10881612,PASS,
trip_000569_walk_network_reference,PASS,
trip_000569_transfer_recomputed,PASS,
trip_000570_gps_schema,PASS,
trip_000570_gps_time_sequence,PASS,
trip_000570_gps_trip_id,PASS,
trip_000570_origin_destination,PASS,
trip_000570_timeline,PASS,
trip_000570_walk_network_reference,PASS,
trip_000570_bus_external_sequence_100100057,PASS,
trip_000570_bus_geometry_reconstruction,PASS,
trip_000570_walk_network_reference,PASS,
trip_000570_bus_external_sequence_113000002,PASS,
trip_000570_bus_geometry_reconstruction,PASS,
trip_000570_walk_network_reference,PASS,
trip_000570_transfer_recomputed,PASS,
trip_000571_gps_schema,PASS,
trip_000571_gps_time_sequence,PASS,
trip_000571_gps_trip_id,PASS,
trip_000571_origin_destination,PASS,
trip_000571_timeline,PASS,
trip_000571_walk_network_reference,PASS,
trip_000571_rail_external_sequence_10881612,PASS,
trip_000571_walk_network_reference,PASS,
trip_000571_transfer_recomputed,PASS,
trip_000572_gps_schema,PASS,
trip_000572_gps_time_sequence,PASS,
trip_000572_gps_trip_id,PASS,
trip_000572_origin_destination,PASS,
trip_000572_timeline,PASS,
trip_000572_walk_network_reference,PASS,
trip_000572_bus_external_sequence_100100057,PASS,
trip_000572_bus_geometry_reconstruction,PASS,
trip_000572_walk_network_reference,PASS,
trip_000572_bus_external_sequence_113000002,PASS,
trip_000572_bus_geometry_reconstruction,PASS,
trip_000572_walk_network_reference,PASS,
trip_000572_transfer_recomputed,PASS,
trip_000573_gps_schema,PASS,
trip_000573_gps_time_sequence,PASS,
trip_000573_gps_trip_id,PASS,
trip_000573_origin_destination,PASS,
trip_000573_timeline,PASS,
trip_000573_walk_network_reference,PASS,
trip_000573_rail_external_sequence_10881612,PASS,
trip_000573_walk_network_reference,PASS,
trip_000573_transfer_recomputed,PASS,
trip_000574_gps_schema,PASS,
trip_000574_gps_time_sequence,PASS,
trip_000574_gps_trip_id,PASS,
trip_000574_origin_destination,PASS,
trip_000574_timeline,PASS,
trip_000574_walk_network_reference,PASS,
trip_000574_rail_external_sequence_12640223,PASS,
trip_000574_walk_network_reference,PASS,
trip_000574_bus_external_sequence_100100289,PASS,
trip_000574_bus_geometry_reconstruction,PASS,
trip_000574_walk_network_reference,PASS,
trip_000574_transfer_recomputed,PASS,
trip_000575_gps_schema,PASS,
trip_000575_gps_time_sequence,PASS,
trip_000575_gps_trip_id,PASS,
trip_000575_origin_destination,PASS,
trip_000575_timeline,PASS,
trip_000575_walk_network_reference,PASS,
trip_000575_bus_external_sequence_100100088,PASS,
trip_000575_bus_geometry_reconstruction,PASS,
trip_000575_walk_network_reference,PASS,
trip_000575_rail_external_sequence_2404374,PASS,
trip_000575_walk_network_reference,PASS,
trip_000575_transfer_recomputed,PASS,
trip_000576_gps_schema,PASS,
trip_000576_gps_time_sequence,PASS,
trip_000576_gps_trip_id,PASS,
trip_000576_origin_destination,PASS,
trip_000576_timeline,PASS,
trip_000576_walk_network_reference,PASS,
trip_000576_bus_external_sequence_100100088,PASS,
trip_000576_bus_geometry_reconstruction,PASS,
trip_000576_walk_network_reference,PASS,
trip_000576_rail_external_sequence_2404374,PASS,
trip_000576_walk_network_reference,PASS,
trip_000576_transfer_recomputed,PASS,
trip_000577_gps_schema,PASS,
trip_000577_gps_time_sequence,PASS,
trip_000577_gps_trip_id,PASS,
trip_000577_origin_destination,PASS,
trip_000577_timeline,PASS,
trip_000577_walk_network_reference,PASS,
trip_000577_bus_external_sequence_100100088,PASS,
trip_000577_bus_geometry_reconstruction,PASS,
trip_000577_walk_network_reference,PASS,
trip_000577_rail_external_sequence_2404374,PASS,
trip_000577_walk_network_reference,PASS,
trip_000577_transfer_recomputed,PASS,
trip_000578_gps_schema,PASS,
trip_000578_gps_time_sequence,PASS,
trip_000578_gps_trip_id,PASS,
trip_000578_origin_destination,PASS,
trip_000578_timeline,PASS,
trip_000578_walk_network_reference,PASS,
trip_000578_bus_external_sequence_100100057,PASS,
trip_000578_bus_geometry_reconstruction,PASS,
trip_000578_walk_network_reference,PASS,
trip_000578_bus_external_sequence_113000002,PASS,
trip_000578_bus_geometry_reconstruction,PASS,
trip_000578_walk_network_reference,PASS,
trip_000578_transfer_recomputed,PASS,
trip_000579_gps_schema,PASS,
trip_000579_gps_time_sequence,PASS,
trip_000579_gps_trip_id,PASS,
trip_000579_origin_destination,PASS,
trip_000579_timeline,PASS,
trip_000579_walk_network_reference,PASS,
trip_000579_bus_external_sequence_108900009,PASS,
trip_000579_bus_geometry_reconstruction,PASS,
trip_000579_walk_network_reference,PASS,
trip_000579_transfer_recomputed,PASS,
trip_000580_gps_schema,PASS,
trip_000580_gps_time_sequence,PASS,
trip_000580_gps_trip_id,PASS,
trip_000580_origin_destination,PASS,
trip_000580_timeline,PASS,
trip_000580_walk_network_reference,PASS,
trip_000580_rail_external_sequence_10881612,PASS,
trip_000580_walk_network_reference,PASS,
trip_000580_transfer_recomputed,PASS,
trip_000581_gps_schema,PASS,
trip_000581_gps_time_sequence,PASS,
trip_000581_gps_trip_id,PASS,
trip_000581_origin_destination,PASS,
trip_000581_timeline,PASS,
trip_000581_walk_network_reference,PASS,
trip_000581_rail_external_sequence_12640223,PASS,
trip_000581_walk_network_reference,PASS,
trip_000581_bus_external_sequence_100100289,PASS,
trip_000581_bus_geometry_reconstruction,PASS,
trip_000581_walk_network_reference,PASS,
trip_000581_transfer_recomputed,PASS,
trip_000582_gps_schema,PASS,
trip_000582_gps_time_sequence,PASS,
trip_000582_gps_trip_id,PASS,
trip_000582_origin_destination,PASS,
trip_000582_timeline,PASS,
trip_000582_walk_network_reference,PASS,
trip_000582_bus_external_sequence_100100088,PASS,
trip_000582_bus_geometry_reconstruction,PASS,
trip_000582_walk_network_reference,PASS,
trip_000582_rail_external_sequence_2404374,PASS,
trip_000582_walk_network_reference,PASS,
trip_000582_transfer_recomputed,PASS,
trip_000583_gps_schema,PASS,
trip_000583_gps_time_sequence,PASS,
trip_000583_gps_trip_id,PASS,
trip_000583_origin_destination,PASS,
trip_000583_timeline,PASS,
trip_000583_walk_network_reference,PASS,
trip_000583_rail_external_sequence_12640223,PASS,
trip_000583_walk_network_reference,PASS,
trip_000583_bus_external_sequence_100100289,PASS,
trip_000583_bus_geometry_reconstruction,PASS,
trip_000583_walk_network_reference,PASS,
trip_000583_transfer_recomputed,PASS,
trip_000584_gps_schema,PASS,
trip_000584_gps_time_sequence,PASS,
trip_000584_gps_trip_id,PASS,
trip_000584_origin_destination,PASS,
trip_000584_timeline,PASS,
trip_000584_walk_network_reference,PASS,
trip_000584_rail_external_sequence_10881612,PASS,
trip_000584_walk_network_reference,PASS,
trip_000584_transfer_recomputed,PASS,
trip_000585_gps_schema,PASS,
trip_000585_gps_time_sequence,PASS,
trip_000585_gps_trip_id,PASS,
trip_000585_origin_destination,PASS,
trip_000585_timeline,PASS,
trip_000585_walk_network_reference,PASS,
trip_000585_bus_external_sequence_108900009,PASS,
trip_000585_bus_geometry_reconstruction,PASS,
trip_000585_walk_network_reference,PASS,
trip_000585_transfer_recomputed,PASS,
trip_000586_gps_schema,PASS,
trip_000586_gps_time_sequence,PASS,
trip_000586_gps_trip_id,PASS,
trip_000586_origin_destination,PASS,
trip_000586_timeline,PASS,
trip_000586_walk_network_reference,PASS,
trip_000586_rail_external_sequence_12640223,PASS,
trip_000586_walk_network_reference,PASS,
trip_000586_bus_external_sequence_100100289,PASS,
trip_000586_bus_geometry_reconstruction,PASS,
trip_000586_walk_network_reference,PASS,
trip_000586_transfer_recomputed,PASS,
trip_000587_gps_schema,PASS,
trip_000587_gps_time_sequence,PASS,
trip_000587_gps_trip_id,PASS,
trip_000587_origin_destination,PASS,
trip_000587_timeline,PASS,
trip_000587_walk_network_reference,PASS,
trip_000587_bus_external_sequence_108900009,PASS,
trip_000587_bus_geometry_reconstruction,PASS,
trip_000587_walk_network_reference,PASS,
trip_000587_transfer_recomputed,PASS,
trip_000588_gps_schema,PASS,
trip_000588_gps_time_sequence,PASS,
trip_000588_gps_trip_id,PASS,
trip_000588_origin_destination,PASS,
trip_000588_timeline,PASS,
trip_000588_walk_network_reference,PASS,
trip_000588_bus_external_sequence_100100057,PASS,
trip_000588_bus_geometry_reconstruction,PASS,
trip_000588_walk_network_reference,PASS,
trip_000588_bus_external_sequence_113000002,PASS,
trip_000588_bus_geometry_reconstruction,PASS,
trip_000588_walk_network_reference,PASS,
trip_000588_transfer_recomputed,PASS,
trip_000589_gps_schema,PASS,
trip_000589_gps_time_sequence,PASS,
trip_000589_gps_trip_id,PASS,
trip_000589_origin_destination,PASS,
trip_000589_timeline,PASS,
trip_000589_walk_network_reference,PASS,
trip_000589_bus_external_sequence_100100088,PASS,
trip_000589_bus_geometry_reconstruction,PASS,
trip_000589_walk_network_reference,PASS,
trip_000589_rail_external_sequence_2404374,PASS,
trip_000589_walk_network_reference,PASS,
trip_000589_transfer_recomputed,PASS,
trip_000590_gps_schema,PASS,
trip_000590_gps_time_sequence,PASS,
trip_000590_gps_trip_id,PASS,
trip_000590_origin_destination,PASS,
trip_000590_timeline,PASS,
trip_000590_walk_network_reference,PASS,
trip_000590_bus_external_sequence_100100088,PASS,
trip_000590_bus_geometry_reconstruction,PASS,
trip_000590_walk_network_reference,PASS,
trip_000590_rail_external_sequence_2404374,PASS,
trip_000590_walk_network_reference,PASS,
trip_000590_transfer_recomputed,PASS,
trip_000591_gps_schema,PASS,
trip_000591_gps_time_sequence,PASS,
trip_000591_gps_trip_id,PASS,
trip_000591_origin_destination,PASS,
trip_000591_timeline,PASS,
trip_000591_walk_network_reference,PASS,
trip_000591_rail_external_sequence_12640223,PASS,
trip_000591_walk_network_reference,PASS,
trip_000591_bus_external_sequence_100100289,PASS,
trip_000591_bus_geometry_reconstruction,PASS,
trip_000591_walk_network_reference,PASS,
trip_000591_transfer_recomputed,PASS,
trip_000592_gps_schema,PASS,
trip_000592_gps_time_sequence,PASS,
trip_000592_gps_trip_id,PASS,
trip_000592_origin_destination,PASS,
trip_000592_timeline,PASS,
trip_000592_walk_network_reference,PASS,
trip_000592_bus_external_sequence_108900009,PASS,
trip_000592_bus_geometry_reconstruction,PASS,
trip_000592_walk_network_reference,PASS,
trip_000592_transfer_recomputed,PASS,
trip_000593_gps_schema,PASS,
trip_000593_gps_time_sequence,PASS,
trip_000593_gps_trip_id,PASS,
trip_000593_origin_destination,PASS,
trip_000593_timeline,PASS,
trip_000593_walk_network_reference,PASS,
trip_000593_rail_external_sequence_2718888,PASS,
trip_000593_walk_network_reference,PASS,
trip_000593_rail_external_sequence_4729445,PASS,
trip_000593_walk_network_reference,PASS,
trip_000593_transfer_recomputed,PASS,
trip_000594_gps_schema,PASS,
trip_000594_gps_time_sequence,PASS,
trip_000594_gps_trip_id,PASS,
trip_000594_origin_destination,PASS,
trip_000594_timeline,PASS,
trip_000594_walk_network_reference,PASS,
trip_000594_bus_external_sequence_108900009,PASS,
trip_000594_bus_geometry_reconstruction,PASS,
trip_000594_walk_network_reference,PASS,
trip_000594_transfer_recomputed,PASS,
trip_000595_gps_schema,PASS,
trip_000595_gps_time_sequence,PASS,
trip_000595_gps_trip_id,PASS,
trip_000595_origin_destination,PASS,
trip_000595_timeline,PASS,
trip_000595_walk_network_reference,PASS,
trip_000595_rail_external_sequence_10881612,PASS,
trip_000595_walk_network_reference,PASS,
trip_000595_transfer_recomputed,PASS,
trip_000596_gps_schema,PASS,
trip_000596_gps_time_sequence,PASS,
trip_000596_gps_trip_id,PASS,
trip_000596_origin_destination,PASS,
trip_000596_timeline,PASS,
trip_000596_walk_network_reference,PASS,
trip_000596_rail_external_sequence_12640223,PASS,
trip_000596_walk_network_reference,PASS,
trip_000596_bus_external_sequence_100100289,PASS,
trip_000596_bus_geometry_reconstruction,PASS,
trip_000596_walk_network_reference,PASS,
trip_000596_transfer_recomputed,PASS,
trip_000597_gps_schema,PASS,
trip_000597_gps_time_sequence,PASS,
trip_000597_gps_trip_id,PASS,
trip_000597_origin_destination,PASS,
trip_000597_timeline,PASS,
trip_000597_walk_network_reference,PASS,
trip_000597_rail_external_sequence_2718888,PASS,
trip_000597_walk_network_reference,PASS,
trip_000597_rail_external_sequence_4729445,PASS,
trip_000597_walk_network_reference,PASS,
trip_000597_transfer_recomputed,PASS,
trip_000598_gps_schema,PASS,
trip_000598_gps_time_sequence,PASS,
trip_000598_gps_trip_id,PASS,
trip_000598_origin_destination,PASS,
trip_000598_timeline,PASS,
trip_000598_walk_network_reference,PASS,
trip_000598_rail_external_sequence_2718888,PASS,
trip_000598_walk_network_reference,PASS,
trip_000598_rail_external_sequence_4729445,PASS,
trip_000598_walk_network_reference,PASS,
trip_000598_transfer_recomputed,PASS,
trip_000599_gps_schema,PASS,
trip_000599_gps_time_sequence,PASS,
trip_000599_gps_trip_id,PASS,
trip_000599_origin_destination,PASS,
trip_000599_timeline,PASS,
trip_000599_walk_network_reference,PASS,
trip_000599_bus_external_sequence_100100057,PASS,
trip_000599_bus_geometry_reconstruction,PASS,
trip_000599_walk_network_reference,PASS,
trip_000599_bus_external_sequence_113000002,PASS,
trip_000599_bus_geometry_reconstruction,PASS,
trip_000599_walk_network_reference,PASS,
trip_000599_transfer_recomputed,PASS,
trip_000600_gps_schema,PASS,
trip_000600_gps_time_sequence,PASS,
trip_000600_gps_trip_id,PASS,
trip_000600_origin_destination,PASS,
trip_000600_timeline,PASS,
trip_000600_walk_network_reference,PASS,
trip_000600_bus_external_sequence_100100088,PASS,
trip_000600_bus_geometry_reconstruction,PASS,
trip_000600_walk_network_reference,PASS,
trip_000600_rail_external_sequence_2404374,PASS,
trip_000600_walk_network_reference,PASS,
trip_000600_transfer_recomputed,PASS,
trip_000601_gps_schema,PASS,
trip_000601_gps_time_sequence,PASS,
trip_000601_gps_trip_id,PASS,
trip_000601_origin_destination,PASS,
trip_000601_timeline,PASS,
trip_000601_walk_network_reference,PASS,
trip_000601_bus_external_sequence_100100057,PASS,
trip_000601_bus_geometry_reconstruction,PASS,
trip_000601_walk_network_reference,PASS,
trip_000601_bus_external_sequence_113000002,PASS,
trip_000601_bus_geometry_reconstruction,PASS,
trip_000601_walk_network_reference,PASS,
trip_000601_transfer_recomputed,PASS,
trip_000602_gps_schema,PASS,
trip_000602_gps_time_sequence,PASS,
trip_000602_gps_trip_id,PASS,
trip_000602_origin_destination,PASS,
trip_000602_timeline,PASS,
trip_000602_walk_network_reference,PASS,
trip_000602_rail_external_sequence_10881612,PASS,
trip_000602_walk_network_reference,PASS,
trip_000602_transfer_recomputed,PASS,
trip_000603_gps_schema,PASS,
trip_000603_gps_time_sequence,PASS,
trip_000603_gps_trip_id,PASS,
trip_000603_origin_destination,PASS,
trip_000603_timeline,PASS,
trip_000603_walk_network_reference,PASS,
trip_000603_bus_external_sequence_100100057,PASS,
trip_000603_bus_geometry_reconstruction,PASS,
trip_000603_walk_network_reference,PASS,
trip_000603_bus_external_sequence_113000002,PASS,
trip_000603_bus_geometry_reconstruction,PASS,
trip_000603_walk_network_reference,PASS,
trip_000603_transfer_recomputed,PASS,
trip_000604_gps_schema,PASS,
trip_000604_gps_time_sequence,PASS,
trip_000604_gps_trip_id,PASS,
trip_000604_origin_destination,PASS,
trip_000604_timeline,PASS,
trip_000604_walk_network_reference,PASS,
trip_000604_bus_external_sequence_100100088,PASS,
trip_000604_bus_geometry_reconstruction,PASS,
trip_000604_walk_network_reference,PASS,
trip_000604_rail_external_sequence_2404374,PASS,
trip_000604_walk_network_reference,PASS,
trip_000604_transfer_recomputed,PASS,
trip_000605_gps_schema,PASS,
trip_000605_gps_time_sequence,PASS,
trip_000605_gps_trip_id,PASS,
trip_000605_origin_destination,PASS,
trip_000605_timeline,PASS,
trip_000605_walk_network_reference,PASS,
trip_000605_rail_external_sequence_12640223,PASS,
trip_000605_walk_network_reference,PASS,
trip_000605_bus_external_sequence_100100289,PASS,
trip_000605_bus_geometry_reconstruction,PASS,
trip_000605_walk_network_reference,PASS,
trip_000605_transfer_recomputed,PASS,
trip_000606_gps_schema,PASS,
trip_000606_gps_time_sequence,PASS,
trip_000606_gps_trip_id,PASS,
trip_000606_origin_destination,PASS,
trip_000606_timeline,PASS,
trip_000606_walk_network_reference,PASS,
trip_000606_rail_external_sequence_10881612,PASS,
trip_000606_walk_network_reference,PASS,
trip_000606_transfer_recomputed,PASS,
trip_000607_gps_schema,PASS,
trip_000607_gps_time_sequence,PASS,
trip_000607_gps_trip_id,PASS,
trip_000607_origin_destination,PASS,
trip_000607_timeline,PASS,
trip_000607_walk_network_reference,PASS,
trip_000607_rail_external_sequence_12640223,PASS,
trip_000607_walk_network_reference,PASS,
trip_000607_bus_external_sequence_100100289,PASS,
trip_000607_bus_geometry_reconstruction,PASS,
trip_000607_walk_network_reference,PASS,
trip_000607_transfer_recomputed,PASS,
trip_000608_gps_schema,PASS,
trip_000608_gps_time_sequence,PASS,
trip_000608_gps_trip_id,PASS,
trip_000608_origin_destination,PASS,
trip_000608_timeline,PASS,
trip_000608_walk_network_reference,PASS,
trip_000608_bus_external_sequence_100100057,PASS,
trip_000608_bus_geometry_reconstruction,PASS,
trip_000608_walk_network_reference,PASS,
trip_000608_bus_external_sequence_113000002,PASS,
trip_000608_bus_geometry_reconstruction,PASS,
trip_000608_walk_network_reference,PASS,
trip_000608_transfer_recomputed,PASS,
trip_000609_gps_schema,PASS,
trip_000609_gps_time_sequence,PASS,
trip_000609_gps_trip_id,PASS,
trip_000609_origin_destination,PASS,
trip_000609_timeline,PASS,
trip_000609_walk_network_reference,PASS,
trip_000609_bus_external_sequence_108900009,PASS,
trip_000609_bus_geometry_reconstruction,PASS,
trip_000609_walk_network_reference,PASS,
trip_000609_transfer_recomputed,PASS,
trip_000610_gps_schema,PASS,
trip_000610_gps_time_sequence,PASS,
trip_000610_gps_trip_id,PASS,
trip_000610_origin_destination,PASS,
trip_000610_timeline,PASS,
trip_000610_walk_network_reference,PASS,
trip_000610_bus_external_sequence_108900009,PASS,
trip_000610_bus_geometry_reconstruction,PASS,
trip_000610_walk_network_reference,PASS,
trip_000610_transfer_recomputed,PASS,
trip_000611_gps_schema,PASS,
trip_000611_gps_time_sequence,PASS,
trip_000611_gps_trip_id,PASS,
trip_000611_origin_destination,PASS,
trip_000611_timeline,PASS,
trip_000611_walk_network_reference,PASS,
trip_000611_bus_external_sequence_100100057,PASS,
trip_000611_bus_geometry_reconstruction,PASS,
trip_000611_walk_network_reference,PASS,
trip_000611_bus_external_sequence_113000002,PASS,
trip_000611_bus_geometry_reconstruction,PASS,
trip_000611_walk_network_reference,PASS,
trip_000611_transfer_recomputed,PASS,
trip_000612_gps_schema,PASS,
trip_000612_gps_time_sequence,PASS,
trip_000612_gps_trip_id,PASS,
trip_000612_origin_destination,PASS,
trip_000612_timeline,PASS,
trip_000612_walk_network_reference,PASS,
trip_000612_rail_external_sequence_10881612,PASS,
trip_000612_walk_network_reference,PASS,
trip_000612_transfer_recomputed,PASS,
trip_000613_gps_schema,PASS,
trip_000613_gps_time_sequence,PASS,
trip_000613_gps_trip_id,PASS,
trip_000613_origin_destination,PASS,
trip_000613_timeline,PASS,
trip_000613_walk_network_reference,PASS,
trip_000613_rail_external_sequence_10881612,PASS,
trip_000613_walk_network_reference,PASS,
trip_000613_transfer_recomputed,PASS,
trip_000614_gps_schema,PASS,
trip_000614_gps_time_sequence,PASS,
trip_000614_gps_trip_id,PASS,
trip_000614_origin_destination,PASS,
trip_000614_timeline,PASS,
trip_000614_walk_network_reference,PASS,
trip_000614_rail_external_sequence_10881612,PASS,
trip_000614_walk_network_reference,PASS,
trip_000614_transfer_recomputed,PASS,
trip_000615_gps_schema,PASS,
trip_000615_gps_time_sequence,PASS,
trip_000615_gps_trip_id,PASS,
trip_000615_origin_destination,PASS,
trip_000615_timeline,PASS,
trip_000615_walk_network_reference,PASS,
trip_000615_rail_external_sequence_12640223,PASS,
trip_000615_walk_network_reference,PASS,
trip_000615_bus_external_sequence_100100289,PASS,
trip_000615_bus_geometry_reconstruction,PASS,
trip_000615_walk_network_reference,PASS,
trip_000615_transfer_recomputed,PASS,
trip_000616_gps_schema,PASS,
trip_000616_gps_time_sequence,PASS,
trip_000616_gps_trip_id,PASS,
trip_000616_origin_destination,PASS,
trip_000616_timeline,PASS,
trip_000616_walk_network_reference,PASS,
trip_000616_bus_external_sequence_100100088,PASS,
trip_000616_bus_geometry_reconstruction,PASS,
trip_000616_walk_network_reference,PASS,
trip_000616_rail_external_sequence_2404374,PASS,
trip_000616_walk_network_reference,PASS,
trip_000616_transfer_recomputed,PASS,
trip_000617_gps_schema,PASS,
trip_000617_gps_time_sequence,PASS,
trip_000617_gps_trip_id,PASS,
trip_000617_origin_destination,PASS,
trip_000617_timeline,PASS,
trip_000617_walk_network_reference,PASS,
trip_000617_rail_external_sequence_10881612,PASS,
trip_000617_walk_network_reference,PASS,
trip_000617_transfer_recomputed,PASS,
trip_000618_gps_schema,PASS,
trip_000618_gps_time_sequence,PASS,
trip_000618_gps_trip_id,PASS,
trip_000618_origin_destination,PASS,
trip_000618_timeline,PASS,
trip_000618_walk_network_reference,PASS,
trip_000618_bus_external_sequence_100100057,PASS,
trip_000618_bus_geometry_reconstruction,PASS,
trip_000618_walk_network_reference,PASS,
trip_000618_bus_external_sequence_113000002,PASS,
trip_000618_bus_geometry_reconstruction,PASS,
trip_000618_walk_network_reference,PASS,
trip_000618_transfer_recomputed,PASS,
trip_000619_gps_schema,PASS,
trip_000619_gps_time_sequence,PASS,
trip_000619_gps_trip_id,PASS,
trip_000619_origin_destination,PASS,
trip_000619_timeline,PASS,
trip_000619_walk_network_reference,PASS,
trip_000619_bus_external_sequence_100100088,PASS,
trip_000619_bus_geometry_reconstruction,PASS,
trip_000619_walk_network_reference,PASS,
trip_000619_rail_external_sequence_2404374,PASS,
trip_000619_walk_network_reference,PASS,
trip_000619_transfer_recomputed,PASS,
trip_000620_gps_schema,PASS,
trip_000620_gps_time_sequence,PASS,
trip_000620_gps_trip_id,PASS,
trip_000620_origin_destination,PASS,
trip_000620_timeline,PASS,
trip_000620_walk_network_reference,PASS,
trip_000620_rail_external_sequence_10881612,PASS,
trip_000620_walk_network_reference,PASS,
trip_000620_transfer_recomputed,PASS,
trip_000621_gps_schema,PASS,
trip_000621_gps_time_sequence,PASS,
trip_000621_gps_trip_id,PASS,
trip_000621_origin_destination,PASS,
trip_000621_timeline,PASS,
trip_000621_walk_network_reference,PASS,
trip_000621_bus_external_sequence_100100088,PASS,
trip_000621_bus_geometry_reconstruction,PASS,
trip_000621_walk_network_reference,PASS,
trip_000621_rail_external_sequence_2404374,PASS,
trip_000621_walk_network_reference,PASS,
trip_000621_transfer_recomputed,PASS,
trip_000622_gps_schema,PASS,
trip_000622_gps_time_sequence,PASS,
trip_000622_gps_trip_id,PASS,
trip_000622_origin_destination,PASS,
trip_000622_timeline,PASS,
trip_000622_walk_network_reference,PASS,
trip_000622_bus_external_sequence_100100057,PASS,
trip_000622_bus_geometry_reconstruction,PASS,
trip_000622_walk_network_reference,PASS,
trip_000622_bus_external_sequence_113000002,PASS,
trip_000622_bus_geometry_reconstruction,PASS,
trip_000622_walk_network_reference,PASS,
trip_000622_transfer_recomputed,PASS,
trip_000623_gps_schema,PASS,
trip_000623_gps_time_sequence,PASS,
trip_000623_gps_trip_id,PASS,
trip_000623_origin_destination,PASS,
trip_000623_timeline,PASS,
trip_000623_walk_network_reference,PASS,
trip_000623_bus_external_sequence_108900009,PASS,
trip_000623_bus_geometry_reconstruction,PASS,
trip_000623_walk_network_reference,PASS,
trip_000623_transfer_recomputed,PASS,
trip_000624_gps_schema,PASS,
trip_000624_gps_time_sequence,PASS,
trip_000624_gps_trip_id,PASS,
trip_000624_origin_destination,PASS,
trip_000624_timeline,PASS,
trip_000624_walk_network_reference,PASS,
trip_000624_bus_external_sequence_100100057,PASS,
trip_000624_bus_geometry_reconstruction,PASS,
trip_000624_walk_network_reference,PASS,
trip_000624_bus_external_sequence_113000002,PASS,
trip_000624_bus_geometry_reconstruction,PASS,
trip_000624_walk_network_reference,PASS,
trip_000624_transfer_recomputed,PASS,
trip_000625_gps_schema,PASS,
trip_000625_gps_time_sequence,PASS,
trip_000625_gps_trip_id,PASS,
trip_000625_origin_destination,PASS,
trip_000625_timeline,PASS,
trip_000625_walk_network_reference,PASS,
trip_000625_rail_external_sequence_12640223,PASS,
trip_000625_walk_network_reference,PASS,
trip_000625_bus_external_sequence_100100289,PASS,
trip_000625_bus_geometry_reconstruction,PASS,
trip_000625_walk_network_reference,PASS,
trip_000625_transfer_recomputed,PASS,
trip_000626_gps_schema,PASS,
trip_000626_gps_time_sequence,PASS,
trip_000626_gps_trip_id,PASS,
trip_000626_origin_destination,PASS,
trip_000626_timeline,PASS,
trip_000626_walk_network_reference,PASS,
trip_000626_bus_external_sequence_100100057,PASS,
trip_000626_bus_geometry_reconstruction,PASS,
trip_000626_walk_network_reference,PASS,
trip_000626_bus_external_sequence_113000002,PASS,
trip_000626_bus_geometry_reconstruction,PASS,
trip_000626_walk_network_reference,PASS,
trip_000626_transfer_recomputed,PASS,
trip_000627_gps_schema,PASS,
trip_000627_gps_time_sequence,PASS,
trip_000627_gps_trip_id,PASS,
trip_000627_origin_destination,PASS,
trip_000627_timeline,PASS,
trip_000627_walk_network_reference,PASS,
trip_000627_bus_external_sequence_100100057,PASS,
trip_000627_bus_geometry_reconstruction,PASS,
trip_000627_walk_network_reference,PASS,
trip_000627_bus_external_sequence_113000002,PASS,
trip_000627_bus_geometry_reconstruction,PASS,
trip_000627_walk_network_reference,PASS,
trip_000627_transfer_recomputed,PASS,
trip_000628_gps_schema,PASS,
trip_000628_gps_time_sequence,PASS,
trip_000628_gps_trip_id,PASS,
trip_000628_origin_destination,PASS,
trip_000628_timeline,PASS,
trip_000628_walk_network_reference,PASS,
trip_000628_rail_external_sequence_2718888,PASS,
trip_000628_walk_network_reference,PASS,
trip_000628_rail_external_sequence_4729445,PASS,
trip_000628_walk_network_reference,PASS,
trip_000628_transfer_recomputed,PASS,
trip_000629_gps_schema,PASS,
trip_000629_gps_time_sequence,PASS,
trip_000629_gps_trip_id,PASS,
trip_000629_origin_destination,PASS,
trip_000629_timeline,PASS,
trip_000629_walk_network_reference,PASS,
trip_000629_bus_external_sequence_100100088,PASS,
trip_000629_bus_geometry_reconstruction,PASS,
trip_000629_walk_network_reference,PASS,
trip_000629_rail_external_sequence_2404374,PASS,
trip_000629_walk_network_reference,PASS,
trip_000629_transfer_recomputed,PASS,
trip_000630_gps_schema,PASS,
trip_000630_gps_time_sequence,PASS,
trip_000630_gps_trip_id,PASS,
trip_000630_origin_destination,PASS,
trip_000630_timeline,PASS,
trip_000630_walk_network_reference,PASS,
trip_000630_bus_external_sequence_100100057,PASS,
trip_000630_bus_geometry_reconstruction,PASS,
trip_000630_walk_network_reference,PASS,
trip_000630_bus_external_sequence_113000002,PASS,
trip_000630_bus_geometry_reconstruction,PASS,
trip_000630_walk_network_reference,PASS,
trip_000630_transfer_recomputed,PASS,
trip_000631_gps_schema,PASS,
trip_000631_gps_time_sequence,PASS,
trip_000631_gps_trip_id,PASS,
trip_000631_origin_destination,PASS,
trip_000631_timeline,PASS,
trip_000631_walk_network_reference,PASS,
trip_000631_bus_external_sequence_100100057,PASS,
trip_000631_bus_geometry_reconstruction,PASS,
trip_000631_walk_network_reference,PASS,
trip_000631_bus_external_sequence_113000002,PASS,
trip_000631_bus_geometry_reconstruction,PASS,
trip_000631_walk_network_reference,PASS,
trip_000631_transfer_recomputed,PASS,
trip_000632_gps_schema,PASS,
trip_000632_gps_time_sequence,PASS,
trip_000632_gps_trip_id,PASS,
trip_000632_origin_destination,PASS,
trip_000632_timeline,PASS,
trip_000632_walk_network_reference,PASS,
trip_000632_rail_external_sequence_10881612,PASS,
trip_000632_walk_network_reference,PASS,
trip_000632_transfer_recomputed,PASS,
trip_000633_gps_schema,PASS,
trip_000633_gps_time_sequence,PASS,
trip_000633_gps_trip_id,PASS,
trip_000633_origin_destination,PASS,
trip_000633_timeline,PASS,
trip_000633_walk_network_reference,PASS,
trip_000633_bus_external_sequence_100100088,PASS,
trip_000633_bus_geometry_reconstruction,PASS,
trip_000633_walk_network_reference,PASS,
trip_000633_rail_external_sequence_2404374,PASS,
trip_000633_walk_network_reference,PASS,
trip_000633_transfer_recomputed,PASS,
trip_000634_gps_schema,PASS,
trip_000634_gps_time_sequence,PASS,
trip_000634_gps_trip_id,PASS,
trip_000634_origin_destination,PASS,
trip_000634_timeline,PASS,
trip_000634_walk_network_reference,PASS,
trip_000634_bus_external_sequence_100100057,PASS,
trip_000634_bus_geometry_reconstruction,PASS,
trip_000634_walk_network_reference,PASS,
trip_000634_bus_external_sequence_113000002,PASS,
trip_000634_bus_geometry_reconstruction,PASS,
trip_000634_walk_network_reference,PASS,
trip_000634_transfer_recomputed,PASS,
trip_000635_gps_schema,PASS,
trip_000635_gps_time_sequence,PASS,
trip_000635_gps_trip_id,PASS,
trip_000635_origin_destination,PASS,
trip_000635_timeline,PASS,
trip_000635_walk_network_reference,PASS,
trip_000635_rail_external_sequence_2718888,PASS,
trip_000635_walk_network_reference,PASS,
trip_000635_rail_external_sequence_4729445,PASS,
trip_000635_walk_network_reference,PASS,
trip_000635_transfer_recomputed,PASS,
trip_000636_gps_schema,PASS,
trip_000636_gps_time_sequence,PASS,
trip_000636_gps_trip_id,PASS,
trip_000636_origin_destination,PASS,
trip_000636_timeline,PASS,
trip_000636_walk_network_reference,PASS,
trip_000636_bus_external_sequence_100100088,PASS,
trip_000636_bus_geometry_reconstruction,PASS,
trip_000636_walk_network_reference,PASS,
trip_000636_rail_external_sequence_2404374,PASS,
trip_000636_walk_network_reference,PASS,
trip_000636_transfer_recomputed,PASS,
trip_000637_gps_schema,PASS,
trip_000637_gps_time_sequence,PASS,
trip_000637_gps_trip_id,PASS,
trip_000637_origin_destination,PASS,
trip_000637_timeline,PASS,
trip_000637_walk_network_reference,PASS,
trip_000637_bus_external_sequence_100100088,PASS,
trip_000637_bus_geometry_reconstruction,PASS,
trip_000637_walk_network_reference,PASS,
trip_000637_rail_external_sequence_2404374,PASS,
trip_000637_walk_network_reference,PASS,
trip_000637_transfer_recomputed,PASS,
trip_000638_gps_schema,PASS,
trip_000638_gps_time_sequence,PASS,
trip_000638_gps_trip_id,PASS,
trip_000638_origin_destination,PASS,
trip_000638_timeline,PASS,
trip_000638_walk_network_reference,PASS,
trip_000638_bus_external_sequence_100100057,PASS,
trip_000638_bus_geometry_reconstruction,PASS,
trip_000638_walk_network_reference,PASS,
trip_000638_bus_external_sequence_113000002,PASS,
trip_000638_bus_geometry_reconstruction,PASS,
trip_000638_walk_network_reference,PASS,
trip_000638_transfer_recomputed,PASS,
trip_000639_gps_schema,PASS,
trip_000639_gps_time_sequence,PASS,
trip_000639_gps_trip_id,PASS,
trip_000639_origin_destination,PASS,
trip_000639_timeline,PASS,
trip_000639_walk_network_reference,PASS,
trip_000639_rail_external_sequence_12640223,PASS,
trip_000639_walk_network_reference,PASS,
trip_000639_bus_external_sequence_100100289,PASS,
trip_000639_bus_geometry_reconstruction,PASS,
trip_000639_walk_network_reference,PASS,
trip_000639_transfer_recomputed,PASS,
trip_000640_gps_schema,PASS,
trip_000640_gps_time_sequence,PASS,
trip_000640_gps_trip_id,PASS,
trip_000640_origin_destination,PASS,
trip_000640_timeline,PASS,
trip_000640_walk_network_reference,PASS,
trip_000640_bus_external_sequence_108900009,PASS,
trip_000640_bus_geometry_reconstruction,PASS,
trip_000640_walk_network_reference,PASS,
trip_000640_transfer_recomputed,PASS,
trip_000641_gps_schema,PASS,
trip_000641_gps_time_sequence,PASS,
trip_000641_gps_trip_id,PASS,
trip_000641_origin_destination,PASS,
trip_000641_timeline,PASS,
trip_000641_walk_network_reference,PASS,
trip_000641_rail_external_sequence_2718888,PASS,
trip_000641_walk_network_reference,PASS,
trip_000641_rail_external_sequence_4729445,PASS,
trip_000641_walk_network_reference,PASS,
trip_000641_transfer_recomputed,PASS,
trip_000642_gps_schema,PASS,
trip_000642_gps_time_sequence,PASS,
trip_000642_gps_trip_id,PASS,
trip_000642_origin_destination,PASS,
trip_000642_timeline,PASS,
trip_000642_walk_network_reference,PASS,
trip_000642_rail_external_sequence_10881612,PASS,
trip_000642_walk_network_reference,PASS,
trip_000642_transfer_recomputed,PASS,
trip_000643_gps_schema,PASS,
trip_000643_gps_time_sequence,PASS,
trip_000643_gps_trip_id,PASS,
trip_000643_origin_destination,PASS,
trip_000643_timeline,PASS,
trip_000643_walk_network_reference,PASS,
trip_000643_bus_external_sequence_108900009,PASS,
trip_000643_bus_geometry_reconstruction,PASS,
trip_000643_walk_network_reference,PASS,
trip_000643_transfer_recomputed,PASS,
trip_000644_gps_schema,PASS,
trip_000644_gps_time_sequence,PASS,
trip_000644_gps_trip_id,PASS,
trip_000644_origin_destination,PASS,
trip_000644_timeline,PASS,
trip_000644_walk_network_reference,PASS,
trip_000644_rail_external_sequence_2718888,PASS,
trip_000644_walk_network_reference,PASS,
trip_000644_rail_external_sequence_4729445,PASS,
trip_000644_walk_network_reference,PASS,
trip_000644_transfer_recomputed,PASS,
trip_000645_gps_schema,PASS,
trip_000645_gps_time_sequence,PASS,
trip_000645_gps_trip_id,PASS,
trip_000645_origin_destination,PASS,
trip_000645_timeline,PASS,
trip_000645_walk_network_reference,PASS,
trip_000645_rail_external_sequence_12640223,PASS,
trip_000645_walk_network_reference,PASS,
trip_000645_bus_external_sequence_100100289,PASS,
trip_000645_bus_geometry_reconstruction,PASS,
trip_000645_walk_network_reference,PASS,
trip_000645_transfer_recomputed,PASS,
trip_000646_gps_schema,PASS,
trip_000646_gps_time_sequence,PASS,
trip_000646_gps_trip_id,PASS,
trip_000646_origin_destination,PASS,
trip_000646_timeline,PASS,
trip_000646_walk_network_reference,PASS,
trip_000646_rail_external_sequence_2718888,PASS,
trip_000646_walk_network_reference,PASS,
trip_000646_rail_external_sequence_4729445,PASS,
trip_000646_walk_network_reference,PASS,
trip_000646_transfer_recomputed,PASS,
trip_000647_gps_schema,PASS,
trip_000647_gps_time_sequence,PASS,
trip_000647_gps_trip_id,PASS,
trip_000647_origin_destination,PASS,
trip_000647_timeline,PASS,
trip_000647_walk_network_reference,PASS,
trip_000647_rail_external_sequence_10881612,PASS,
trip_000647_walk_network_reference,PASS,
trip_000647_transfer_recomputed,PASS,
trip_000648_gps_schema,PASS,
trip_000648_gps_time_sequence,PASS,
trip_000648_gps_trip_id,PASS,
trip_000648_origin_destination,PASS,
trip_000648_timeline,PASS,
trip_000648_walk_network_reference,PASS,
trip_000648_bus_external_sequence_100100088,PASS,
trip_000648_bus_geometry_reconstruction,PASS,
trip_000648_walk_network_reference,PASS,
trip_000648_rail_external_sequence_2404374,PASS,
trip_000648_walk_network_reference,PASS,
trip_000648_transfer_recomputed,PASS,
trip_000649_gps_schema,PASS,
trip_000649_gps_time_sequence,PASS,
trip_000649_gps_trip_id,PASS,
trip_000649_origin_destination,PASS,
trip_000649_timeline,PASS,
trip_000649_walk_network_reference,PASS,
trip_000649_bus_external_sequence_108900009,PASS,
trip_000649_bus_geometry_reconstruction,PASS,
trip_000649_walk_network_reference,PASS,
trip_000649_transfer_recomputed,PASS,
trip_000650_gps_schema,PASS,
trip_000650_gps_time_sequence,PASS,
trip_000650_gps_trip_id,PASS,
trip_000650_origin_destination,PASS,
trip_000650_timeline,PASS,
trip_000650_walk_network_reference,PASS,
trip_000650_bus_external_sequence_100100088,PASS,
trip_000650_bus_geometry_reconstruction,PASS,
trip_000650_walk_network_reference,PASS,
trip_000650_rail_external_sequence_2404374,PASS,
trip_000650_walk_network_reference,PASS,
trip_000650_transfer_recomputed,PASS,
trip_000651_gps_schema,PASS,
trip_000651_gps_time_sequence,PASS,
trip_000651_gps_trip_id,PASS,
trip_000651_origin_destination,PASS,
trip_000651_timeline,PASS,
trip_000651_walk_network_reference,PASS,
trip_000651_rail_external_sequence_2718888,PASS,
trip_000651_walk_network_reference,PASS,
trip_000651_rail_external_sequence_4729445,PASS,
trip_000651_walk_network_reference,PASS,
trip_000651_transfer_recomputed,PASS,
trip_000652_gps_schema,PASS,
trip_000652_gps_time_sequence,PASS,
trip_000652_gps_trip_id,PASS,
trip_000652_origin_destination,PASS,
trip_000652_timeline,PASS,
trip_000652_walk_network_reference,PASS,
trip_000652_bus_external_sequence_100100088,PASS,
trip_000652_bus_geometry_reconstruction,PASS,
trip_000652_walk_network_reference,PASS,
trip_000652_rail_external_sequence_2404374,PASS,
trip_000652_walk_network_reference,PASS,
trip_000652_transfer_recomputed,PASS,
trip_000653_gps_schema,PASS,
trip_000653_gps_time_sequence,PASS,
trip_000653_gps_trip_id,PASS,
trip_000653_origin_destination,PASS,
trip_000653_timeline,PASS,
trip_000653_walk_network_reference,PASS,
trip_000653_rail_external_sequence_12640223,PASS,
trip_000653_walk_network_reference,PASS,
trip_000653_bus_external_sequence_100100289,PASS,
trip_000653_bus_geometry_reconstruction,PASS,
trip_000653_walk_network_reference,PASS,
trip_000653_transfer_recomputed,PASS,
trip_000654_gps_schema,PASS,
trip_000654_gps_time_sequence,PASS,
trip_000654_gps_trip_id,PASS,
trip_000654_origin_destination,PASS,
trip_000654_timeline,PASS,
trip_000654_walk_network_reference,PASS,
trip_000654_bus_external_sequence_108900009,PASS,
trip_000654_bus_geometry_reconstruction,PASS,
trip_000654_walk_network_reference,PASS,
trip_000654_transfer_recomputed,PASS,
trip_000655_gps_schema,PASS,
trip_000655_gps_time_sequence,PASS,
trip_000655_gps_trip_id,PASS,
trip_000655_origin_destination,PASS,
trip_000655_timeline,PASS,
trip_000655_walk_network_reference,PASS,
trip_000655_bus_external_sequence_100100088,PASS,
trip_000655_bus_geometry_reconstruction,PASS,
trip_000655_walk_network_reference,PASS,
trip_000655_rail_external_sequence_2404374,PASS,
trip_000655_walk_network_reference,PASS,
trip_000655_transfer_recomputed,PASS,
trip_000656_gps_schema,PASS,
trip_000656_gps_time_sequence,PASS,
trip_000656_gps_trip_id,PASS,
trip_000656_origin_destination,PASS,
trip_000656_timeline,PASS,
trip_000656_walk_network_reference,PASS,
trip_000656_rail_external_sequence_12640223,PASS,
trip_000656_walk_network_reference,PASS,
trip_000656_bus_external_sequence_100100289,PASS,
trip_000656_bus_geometry_reconstruction,PASS,
trip_000656_walk_network_reference,PASS,
trip_000656_transfer_recomputed,PASS,
trip_000657_gps_schema,PASS,
trip_000657_gps_time_sequence,PASS,
trip_000657_gps_trip_id,PASS,
trip_000657_origin_destination,PASS,
trip_000657_timeline,PASS,
trip_000657_walk_network_reference,PASS,
trip_000657_bus_external_sequence_100100057,PASS,
trip_000657_bus_geometry_reconstruction,PASS,
trip_000657_walk_network_reference,PASS,
trip_000657_bus_external_sequence_113000002,PASS,
trip_000657_bus_geometry_reconstruction,PASS,
trip_000657_walk_network_reference,PASS,
trip_000657_transfer_recomputed,PASS,
trip_000658_gps_schema,PASS,
trip_000658_gps_time_sequence,PASS,
trip_000658_gps_trip_id,PASS,
trip_000658_origin_destination,PASS,
trip_000658_timeline,PASS,
trip_000658_walk_network_reference,PASS,
trip_000658_rail_external_sequence_10881612,PASS,
trip_000658_walk_network_reference,PASS,
trip_000658_transfer_recomputed,PASS,
trip_000659_gps_schema,PASS,
trip_000659_gps_time_sequence,PASS,
trip_000659_gps_trip_id,PASS,
trip_000659_origin_destination,PASS,
trip_000659_timeline,PASS,
trip_000659_walk_network_reference,PASS,
trip_000659_rail_external_sequence_12640223,PASS,
trip_000659_walk_network_reference,PASS,
trip_000659_bus_external_sequence_100100289,PASS,
trip_000659_bus_geometry_reconstruction,PASS,
trip_000659_walk_network_reference,PASS,
trip_000659_transfer_recomputed,PASS,
trip_000660_gps_schema,PASS,
trip_000660_gps_time_sequence,PASS,
trip_000660_gps_trip_id,PASS,
trip_000660_origin_destination,PASS,
trip_000660_timeline,PASS,
trip_000660_walk_network_reference,PASS,
trip_000660_bus_external_sequence_100100057,PASS,
trip_000660_bus_geometry_reconstruction,PASS,
trip_000660_walk_network_reference,PASS,
trip_000660_bus_external_sequence_113000002,PASS,
trip_000660_bus_geometry_reconstruction,PASS,
trip_000660_walk_network_reference,PASS,
trip_000660_transfer_recomputed,PASS,
trip_000661_gps_schema,PASS,
trip_000661_gps_time_sequence,PASS,
trip_000661_gps_trip_id,PASS,
trip_000661_origin_destination,PASS,
trip_000661_timeline,PASS,
trip_000661_walk_network_reference,PASS,
trip_000661_rail_external_sequence_2718888,PASS,
trip_000661_walk_network_reference,PASS,
trip_000661_rail_external_sequence_4729445,PASS,
trip_000661_walk_network_reference,PASS,
trip_000661_transfer_recomputed,PASS,
trip_000662_gps_schema,PASS,
trip_000662_gps_time_sequence,PASS,
trip_000662_gps_trip_id,PASS,
trip_000662_origin_destination,PASS,
trip_000662_timeline,PASS,
trip_000662_walk_network_reference,PASS,
trip_000662_bus_external_sequence_100100057,PASS,
trip_000662_bus_geometry_reconstruction,PASS,
trip_000662_walk_network_reference,PASS,
trip_000662_bus_external_sequence_113000002,PASS,
trip_000662_bus_geometry_reconstruction,PASS,
trip_000662_walk_network_reference,PASS,
trip_000662_transfer_recomputed,PASS,
trip_000663_gps_schema,PASS,
trip_000663_gps_time_sequence,PASS,
trip_000663_gps_trip_id,PASS,
trip_000663_origin_destination,PASS,
trip_000663_timeline,PASS,
trip_000663_walk_network_reference,PASS,
trip_000663_bus_external_sequence_108900009,PASS,
trip_000663_bus_geometry_reconstruction,PASS,
trip_000663_walk_network_reference,PASS,
trip_000663_transfer_recomputed,PASS,
trip_000664_gps_schema,PASS,
trip_000664_gps_time_sequence,PASS,
trip_000664_gps_trip_id,PASS,
trip_000664_origin_destination,PASS,
trip_000664_timeline,PASS,
trip_000664_walk_network_reference,PASS,
trip_000664_bus_external_sequence_100100057,PASS,
trip_000664_bus_geometry_reconstruction,PASS,
trip_000664_walk_network_reference,PASS,
trip_000664_bus_external_sequence_113000002,PASS,
trip_000664_bus_geometry_reconstruction,PASS,
trip_000664_walk_network_reference,PASS,
trip_000664_transfer_recomputed,PASS,
trip_000665_gps_schema,PASS,
trip_000665_gps_time_sequence,PASS,
trip_000665_gps_trip_id,PASS,
trip_000665_origin_destination,PASS,
trip_000665_timeline,PASS,
trip_000665_walk_network_reference,PASS,
trip_000665_bus_external_sequence_100100088,PASS,
trip_000665_bus_geometry_reconstruction,PASS,
trip_000665_walk_network_reference,PASS,
trip_000665_rail_external_sequence_2404374,PASS,
trip_000665_walk_network_reference,PASS,
trip_000665_transfer_recomputed,PASS,
trip_000666_gps_schema,PASS,
trip_000666_gps_time_sequence,PASS,
trip_000666_gps_trip_id,PASS,
trip_000666_origin_destination,PASS,
trip_000666_timeline,PASS,
trip_000666_walk_network_reference,PASS,
trip_000666_bus_external_sequence_108900009,PASS,
trip_000666_bus_geometry_reconstruction,PASS,
trip_000666_walk_network_reference,PASS,
trip_000666_transfer_recomputed,PASS,
trip_000667_gps_schema,PASS,
trip_000667_gps_time_sequence,PASS,
trip_000667_gps_trip_id,PASS,
trip_000667_origin_destination,PASS,
trip_000667_timeline,PASS,
trip_000667_walk_network_reference,PASS,
trip_000667_bus_external_sequence_100100088,PASS,
trip_000667_bus_geometry_reconstruction,PASS,
trip_000667_walk_network_reference,PASS,
trip_000667_rail_external_sequence_2404374,PASS,
trip_000667_walk_network_reference,PASS,
trip_000667_transfer_recomputed,PASS,
trip_000668_gps_schema,PASS,
trip_000668_gps_time_sequence,PASS,
trip_000668_gps_trip_id,PASS,
trip_000668_origin_destination,PASS,
trip_000668_timeline,PASS,
trip_000668_walk_network_reference,PASS,
trip_000668_rail_external_sequence_12640223,PASS,
trip_000668_walk_network_reference,PASS,
trip_000668_bus_external_sequence_100100289,PASS,
trip_000668_bus_geometry_reconstruction,PASS,
trip_000668_walk_network_reference,PASS,
trip_000668_transfer_recomputed,PASS,
trip_000669_gps_schema,PASS,
trip_000669_gps_time_sequence,PASS,
trip_000669_gps_trip_id,PASS,
trip_000669_origin_destination,PASS,
trip_000669_timeline,PASS,
trip_000669_walk_network_reference,PASS,
trip_000669_rail_external_sequence_10881612,PASS,
trip_000669_walk_network_reference,PASS,
trip_000669_transfer_recomputed,PASS,
trip_000670_gps_schema,PASS,
trip_000670_gps_time_sequence,PASS,
trip_000670_gps_trip_id,PASS,
trip_000670_origin_destination,PASS,
trip_000670_timeline,PASS,
trip_000670_walk_network_reference,PASS,
trip_000670_bus_external_sequence_108900009,PASS,
trip_000670_bus_geometry_reconstruction,PASS,
trip_000670_walk_network_reference,PASS,
trip_000670_transfer_recomputed,PASS,
trip_000671_gps_schema,PASS,
trip_000671_gps_time_sequence,PASS,
trip_000671_gps_trip_id,PASS,
trip_000671_origin_destination,PASS,
trip_000671_timeline,PASS,
trip_000671_walk_network_reference,PASS,
trip_000671_bus_external_sequence_108900009,PASS,
trip_000671_bus_geometry_reconstruction,PASS,
trip_000671_walk_network_reference,PASS,
trip_000671_transfer_recomputed,PASS,
trip_000672_gps_schema,PASS,
trip_000672_gps_time_sequence,PASS,
trip_000672_gps_trip_id,PASS,
trip_000672_origin_destination,PASS,
trip_000672_timeline,PASS,
trip_000672_walk_network_reference,PASS,
trip_000672_bus_external_sequence_108900009,PASS,
trip_000672_bus_geometry_reconstruction,PASS,
trip_000672_walk_network_reference,PASS,
trip_000672_transfer_recomputed,PASS,
trip_000673_gps_schema,PASS,
trip_000673_gps_time_sequence,PASS,
trip_000673_gps_trip_id,PASS,
trip_000673_origin_destination,PASS,
trip_000673_timeline,PASS,
trip_000673_walk_network_reference,PASS,
trip_000673_bus_external_sequence_108900009,PASS,
trip_000673_bus_geometry_reconstruction,PASS,
trip_000673_walk_network_reference,PASS,
trip_000673_transfer_recomputed,PASS,
trip_000674_gps_schema,PASS,
trip_000674_gps_time_sequence,PASS,
trip_000674_gps_trip_id,PASS,
trip_000674_origin_destination,PASS,
trip_000674_timeline,PASS,
trip_000674_walk_network_reference,PASS,
trip_000674_rail_external_sequence_10881612,PASS,
trip_000674_walk_network_reference,PASS,
trip_000674_transfer_recomputed,PASS,
trip_000675_gps_schema,PASS,
trip_000675_gps_time_sequence,PASS,
trip_000675_gps_trip_id,PASS,
trip_000675_origin_destination,PASS,
trip_000675_timeline,PASS,
trip_000675_walk_network_reference,PASS,
trip_000675_bus_external_sequence_108900009,PASS,
trip_000675_bus_geometry_reconstruction,PASS,
trip_000675_walk_network_reference,PASS,
trip_000675_transfer_recomputed,PASS,
trip_000676_gps_schema,PASS,
trip_000676_gps_time_sequence,PASS,
trip_000676_gps_trip_id,PASS,
trip_000676_origin_destination,PASS,
trip_000676_timeline,PASS,
trip_000676_walk_network_reference,PASS,
trip_000676_bus_external_sequence_100100057,PASS,
trip_000676_bus_geometry_reconstruction,PASS,
trip_000676_walk_network_reference,PASS,
trip_000676_bus_external_sequence_113000002,PASS,
trip_000676_bus_geometry_reconstruction,PASS,
trip_000676_walk_network_reference,PASS,
trip_000676_transfer_recomputed,PASS,
trip_000677_gps_schema,PASS,
trip_000677_gps_time_sequence,PASS,
trip_000677_gps_trip_id,PASS,
trip_000677_origin_destination,PASS,
trip_000677_timeline,PASS,
trip_000677_walk_network_reference,PASS,
trip_000677_bus_external_sequence_108900009,PASS,
trip_000677_bus_geometry_reconstruction,PASS,
trip_000677_walk_network_reference,PASS,
trip_000677_transfer_recomputed,PASS,
trip_000678_gps_schema,PASS,
trip_000678_gps_time_sequence,PASS,
trip_000678_gps_trip_id,PASS,
trip_000678_origin_destination,PASS,
trip_000678_timeline,PASS,
trip_000678_walk_network_reference,PASS,
trip_000678_rail_external_sequence_12640223,PASS,
trip_000678_walk_network_reference,PASS,
trip_000678_bus_external_sequence_100100289,PASS,
trip_000678_bus_geometry_reconstruction,PASS,
trip_000678_walk_network_reference,PASS,
trip_000678_transfer_recomputed,PASS,
trip_000679_gps_schema,PASS,
trip_000679_gps_time_sequence,PASS,
trip_000679_gps_trip_id,PASS,
trip_000679_origin_destination,PASS,
trip_000679_timeline,PASS,
trip_000679_walk_network_reference,PASS,
trip_000679_rail_external_sequence_12640223,PASS,
trip_000679_walk_network_reference,PASS,
trip_000679_bus_external_sequence_100100289,PASS,
trip_000679_bus_geometry_reconstruction,PASS,
trip_000679_walk_network_reference,PASS,
trip_000679_transfer_recomputed,PASS,
trip_000680_gps_schema,PASS,
trip_000680_gps_time_sequence,PASS,
trip_000680_gps_trip_id,PASS,
trip_000680_origin_destination,PASS,
trip_000680_timeline,PASS,
trip_000680_walk_network_reference,PASS,
trip_000680_rail_external_sequence_12640223,PASS,
trip_000680_walk_network_reference,PASS,
trip_000680_bus_external_sequence_100100289,PASS,
trip_000680_bus_geometry_reconstruction,PASS,
trip_000680_walk_network_reference,PASS,
trip_000680_transfer_recomputed,PASS,
trip_000681_gps_schema,PASS,
trip_000681_gps_time_sequence,PASS,
trip_000681_gps_trip_id,PASS,
trip_000681_origin_destination,PASS,
trip_000681_timeline,PASS,
trip_000681_walk_network_reference,PASS,
trip_000681_rail_external_sequence_12640223,PASS,
trip_000681_walk_network_reference,PASS,
trip_000681_bus_external_sequence_100100289,PASS,
trip_000681_bus_geometry_reconstruction,PASS,
trip_000681_walk_network_reference,PASS,
trip_000681_transfer_recomputed,PASS,
trip_000682_gps_schema,PASS,
trip_000682_gps_time_sequence,PASS,
trip_000682_gps_trip_id,PASS,
trip_000682_origin_destination,PASS,
trip_000682_timeline,PASS,
trip_000682_walk_network_reference,PASS,
trip_000682_rail_external_sequence_10881612,PASS,
trip_000682_walk_network_reference,PASS,
trip_000682_transfer_recomputed,PASS,
trip_000683_gps_schema,PASS,
trip_000683_gps_time_sequence,PASS,
trip_000683_gps_trip_id,PASS,
trip_000683_origin_destination,PASS,
trip_000683_timeline,PASS,
trip_000683_walk_network_reference,PASS,
trip_000683_bus_external_sequence_108900009,PASS,
trip_000683_bus_geometry_reconstruction,PASS,
trip_000683_walk_network_reference,PASS,
trip_000683_transfer_recomputed,PASS,
trip_000684_gps_schema,PASS,
trip_000684_gps_time_sequence,PASS,
trip_000684_gps_trip_id,PASS,
trip_000684_origin_destination,PASS,
trip_000684_timeline,PASS,
trip_000684_walk_network_reference,PASS,
trip_000684_rail_external_sequence_2718888,PASS,
trip_000684_walk_network_reference,PASS,
trip_000684_rail_external_sequence_4729445,PASS,
trip_000684_walk_network_reference,PASS,
trip_000684_transfer_recomputed,PASS,
trip_000685_gps_schema,PASS,
trip_000685_gps_time_sequence,PASS,
trip_000685_gps_trip_id,PASS,
trip_000685_origin_destination,PASS,
trip_000685_timeline,PASS,
trip_000685_walk_network_reference,PASS,
trip_000685_bus_external_sequence_100100057,PASS,
trip_000685_bus_geometry_reconstruction,PASS,
trip_000685_walk_network_reference,PASS,
trip_000685_bus_external_sequence_113000002,PASS,
trip_000685_bus_geometry_reconstruction,PASS,
trip_000685_walk_network_reference,PASS,
trip_000685_transfer_recomputed,PASS,
trip_000686_gps_schema,PASS,
trip_000686_gps_time_sequence,PASS,
trip_000686_gps_trip_id,PASS,
trip_000686_origin_destination,PASS,
trip_000686_timeline,PASS,
trip_000686_walk_network_reference,PASS,
trip_000686_bus_external_sequence_108900009,PASS,
trip_000686_bus_geometry_reconstruction,PASS,
trip_000686_walk_network_reference,PASS,
trip_000686_transfer_recomputed,PASS,
trip_000687_gps_schema,PASS,
trip_000687_gps_time_sequence,PASS,
trip_000687_gps_trip_id,PASS,
trip_000687_origin_destination,PASS,
trip_000687_timeline,PASS,
trip_000687_walk_network_reference,PASS,
trip_000687_bus_external_sequence_100100088,PASS,
trip_000687_bus_geometry_reconstruction,PASS,
trip_000687_walk_network_reference,PASS,
trip_000687_rail_external_sequence_2404374,PASS,
trip_000687_walk_network_reference,PASS,
trip_000687_transfer_recomputed,PASS,
trip_000688_gps_schema,PASS,
trip_000688_gps_time_sequence,PASS,
trip_000688_gps_trip_id,PASS,
trip_000688_origin_destination,PASS,
trip_000688_timeline,PASS,
trip_000688_walk_network_reference,PASS,
trip_000688_bus_external_sequence_100100057,PASS,
trip_000688_bus_geometry_reconstruction,PASS,
trip_000688_walk_network_reference,PASS,
trip_000688_bus_external_sequence_113000002,PASS,
trip_000688_bus_geometry_reconstruction,PASS,
trip_000688_walk_network_reference,PASS,
trip_000688_transfer_recomputed,PASS,
trip_000689_gps_schema,PASS,
trip_000689_gps_time_sequence,PASS,
trip_000689_gps_trip_id,PASS,
trip_000689_origin_destination,PASS,
trip_000689_timeline,PASS,
trip_000689_walk_network_reference,PASS,
trip_000689_bus_external_sequence_100100088,PASS,
trip_000689_bus_geometry_reconstruction,PASS,
trip_000689_walk_network_reference,PASS,
trip_000689_rail_external_sequence_2404374,PASS,
trip_000689_walk_network_reference,PASS,
trip_000689_transfer_recomputed,PASS,
trip_000690_gps_schema,PASS,
trip_000690_gps_time_sequence,PASS,
trip_000690_gps_trip_id,PASS,
trip_000690_origin_destination,PASS,
trip_000690_timeline,PASS,
trip_000690_walk_network_reference,PASS,
trip_000690_bus_external_sequence_100100057,PASS,
trip_000690_bus_geometry_reconstruction,PASS,
trip_000690_walk_network_reference,PASS,
trip_000690_bus_external_sequence_113000002,PASS,
trip_000690_bus_geometry_reconstruction,PASS,
trip_000690_walk_network_reference,PASS,
trip_000690_transfer_recomputed,PASS,
trip_000691_gps_schema,PASS,
trip_000691_gps_time_sequence,PASS,
trip_000691_gps_trip_id,PASS,
trip_000691_origin_destination,PASS,
trip_000691_timeline,PASS,
trip_000691_walk_network_reference,PASS,
trip_000691_bus_external_sequence_108900009,PASS,
trip_000691_bus_geometry_reconstruction,PASS,
trip_000691_walk_network_reference,PASS,
trip_000691_transfer_recomputed,PASS,
trip_000692_gps_schema,PASS,
trip_000692_gps_time_sequence,PASS,
trip_000692_gps_trip_id,PASS,
trip_000692_origin_destination,PASS,
trip_000692_timeline,PASS,
trip_000692_walk_network_reference,PASS,
trip_000692_bus_external_sequence_100100057,PASS,
trip_000692_bus_geometry_reconstruction,PASS,
trip_000692_walk_network_reference,PASS,
trip_000692_bus_external_sequence_113000002,PASS,
trip_000692_bus_geometry_reconstruction,PASS,
trip_000692_walk_network_reference,PASS,
trip_000692_transfer_recomputed,PASS,
trip_000693_gps_schema,PASS,
trip_000693_gps_time_sequence,PASS,
trip_000693_gps_trip_id,PASS,
trip_000693_origin_destination,PASS,
trip_000693_timeline,PASS,
trip_000693_walk_network_reference,PASS,
trip_000693_rail_external_sequence_10881612,PASS,
trip_000693_walk_network_reference,PASS,
trip_000693_transfer_recomputed,PASS,
trip_000694_gps_schema,PASS,
trip_000694_gps_time_sequence,PASS,
trip_000694_gps_trip_id,PASS,
trip_000694_origin_destination,PASS,
trip_000694_timeline,PASS,
trip_000694_walk_network_reference,PASS,
trip_000694_bus_external_sequence_108900009,PASS,
trip_000694_bus_geometry_reconstruction,PASS,
trip_000694_walk_network_reference,PASS,
trip_000694_transfer_recomputed,PASS,
trip_000695_gps_schema,PASS,
trip_000695_gps_time_sequence,PASS,
trip_000695_gps_trip_id,PASS,
trip_000695_origin_destination,PASS,
trip_000695_timeline,PASS,
trip_000695_walk_network_reference,PASS,
trip_000695_rail_external_sequence_10881612,PASS,
trip_000695_walk_network_reference,PASS,
trip_000695_transfer_recomputed,PASS,
trip_000696_gps_schema,PASS,
trip_000696_gps_time_sequence,PASS,
trip_000696_gps_trip_id,PASS,
trip_000696_origin_destination,PASS,
trip_000696_timeline,PASS,
trip_000696_walk_network_reference,PASS,
trip_000696_bus_external_sequence_108900009,PASS,
trip_000696_bus_geometry_reconstruction,PASS,
trip_000696_walk_network_reference,PASS,
trip_000696_transfer_recomputed,PASS,
trip_000697_gps_schema,PASS,
trip_000697_gps_time_sequence,PASS,
trip_000697_gps_trip_id,PASS,
trip_000697_origin_destination,PASS,
trip_000697_timeline,PASS,
trip_000697_walk_network_reference,PASS,
trip_000697_bus_external_sequence_100100057,PASS,
trip_000697_bus_geometry_reconstruction,PASS,
trip_000697_walk_network_reference,PASS,
trip_000697_bus_external_sequence_113000002,PASS,
trip_000697_bus_geometry_reconstruction,PASS,
trip_000697_walk_network_reference,PASS,
trip_000697_transfer_recomputed,PASS,
trip_000698_gps_schema,PASS,
trip_000698_gps_time_sequence,PASS,
trip_000698_gps_trip_id,PASS,
trip_000698_origin_destination,PASS,
trip_000698_timeline,PASS,
trip_000698_walk_network_reference,PASS,
trip_000698_bus_external_sequence_100100057,PASS,
trip_000698_bus_geometry_reconstruction,PASS,
trip_000698_walk_network_reference,PASS,
trip_000698_bus_external_sequence_113000002,PASS,
trip_000698_bus_geometry_reconstruction,PASS,
trip_000698_walk_network_reference,PASS,
trip_000698_transfer_recomputed,PASS,
trip_000699_gps_schema,PASS,
trip_000699_gps_time_sequence,PASS,
trip_000699_gps_trip_id,PASS,
trip_000699_origin_destination,PASS,
trip_000699_timeline,PASS,
trip_000699_walk_network_reference,PASS,
trip_000699_rail_external_sequence_10881612,PASS,
trip_000699_walk_network_reference,PASS,
trip_000699_transfer_recomputed,PASS,
trip_000700_gps_schema,PASS,
trip_000700_gps_time_sequence,PASS,
trip_000700_gps_trip_id,PASS,
trip_000700_origin_destination,PASS,
trip_000700_timeline,PASS,
trip_000700_walk_network_reference,PASS,
trip_000700_bus_external_sequence_100100057,PASS,
trip_000700_bus_geometry_reconstruction,PASS,
trip_000700_walk_network_reference,PASS,
trip_000700_bus_external_sequence_113000002,PASS,
trip_000700_bus_geometry_reconstruction,PASS,
trip_000700_walk_network_reference,PASS,
trip_000700_transfer_recomputed,PASS,
all_point_network_physical,PASS,0
700_journey_categories,PASS,"{'walk': 120, 'bike': 110, 'car': 110, 'bus': 100, 'rail': 120, 'multimodal': 140}"
no_exact_gps_duplicates,PASS,
exact_gps_duplicates_absent,PASS,
near_duplicate_signatures_reported,PASS,440
